2025-02-23 17:46:29.153 [info] [main] Log level: Info
2025-02-23 17:46:29.153 [info] [main] Validating found git in: "git"
2025-02-23 17:46:29.153 [info] [main] Using git "2.43.0" from "git"
2025-02-23 17:46:29.153 [info] [Model][doInitialScan] Initial repository scan started
2025-02-23 17:46:29.153 [info] > git rev-parse --show-toplevel [1374ms]
2025-02-23 17:46:29.174 [info] > git rev-parse --git-dir --git-common-dir [23ms]
2025-02-23 17:46:29.193 [info] [Model][openRepository] Opened repository: /home/leozhontai561
2025-02-23 17:46:31.706 [info] > git config --get commit.template [2493ms]
2025-02-23 17:46:32.028 [info] > git for-each-ref --format=%(refname)%00%(upstream:short)%00%(objectname)%00%(upstream:track)%00%(upstream:remotename)%00%(upstream:remoteref) refs/heads/main refs/remotes/main [296ms]
2025-02-23 17:46:32.084 [info] > git rev-parse --show-toplevel [23ms]
2025-02-23 17:46:32.440 [info] > git for-each-ref --sort -committerdate --format %(refname) %(objectname) %(*objectname) [362ms]
2025-02-23 17:46:32.508 [info] > git status -z -uall [439ms]
2025-02-23 17:46:32.508 [info] > git check-ignore -v -z --stdin [60ms]
2025-02-23 17:46:32.558 [info] > git for-each-ref --format=%(refname)%00%(upstream:short)%00%(objectname)%00%(upstream:track)%00%(upstream:remotename)%00%(upstream:remoteref) refs/heads/main refs/remotes/main [19ms]
2025-02-23 17:46:32.569 [info] > git rev-parse --show-toplevel [113ms]
2025-02-23 17:46:32.596 [info] > git config --get commit.template [46ms]
2025-02-23 17:46:32.598 [info] > git rev-parse --show-toplevel [22ms]
2025-02-23 17:46:32.598 [info] > git config --local branch.main.vscode-merge-base [30ms]
2025-02-23 17:46:32.598 [warning] [Git][config] git config failed: Failed to execute git
2025-02-23 17:46:32.753 [info] > git rev-parse --show-toplevel [131ms]
2025-02-23 17:46:32.753 [info] > git for-each-ref --format=%(refname)%00%(upstream:short)%00%(objectname)%00%(upstream:track)%00%(upstream:remotename)%00%(upstream:remoteref) refs/heads/main refs/remotes/main [138ms]
2025-02-23 17:46:32.754 [info] > git reflog main --grep-reflog=branch: Created from *. [149ms]
2025-02-23 17:46:32.822 [info] > git rev-parse --show-toplevel [41ms]
2025-02-23 17:46:32.822 [info] > git symbolic-ref --short refs/remotes/origin/HEAD [62ms]
2025-02-23 17:46:32.822 [info] fatal: ref refs/remotes/origin/HEAD is not a symbolic ref
2025-02-23 17:46:32.822 [warning] [Repository][getDefaultBranch] Failed to get default branch details: Failed to execute git.
2025-02-23 17:46:32.872 [info] > git merge-base refs/heads/main refs/remotes/origin/main [41ms]
2025-02-23 17:46:32.884 [info] > git status -z -uall [35ms]
2025-02-23 17:46:32.885 [info] > git for-each-ref --sort -committerdate --format %(refname) %(objectname) %(*objectname) [26ms]
2025-02-23 17:46:32.901 [info] > git rev-parse --show-toplevel [61ms]
2025-02-23 17:46:32.916 [info] > git merge-base refs/heads/main refs/remotes/origin/main [16ms]
2025-02-23 17:46:32.923 [info] > git diff --name-status -z --diff-filter=ADMR 24234f44b67593ebcbc0cd38a96cb9e9b7efb676...refs/remotes/origin/main [44ms]
2025-02-23 17:46:32.927 [info] > git rev-parse --show-toplevel [16ms]
2025-02-23 17:46:32.938 [info] > git diff --name-status -z --diff-filter=ADMR 24234f44b67593ebcbc0cd38a96cb9e9b7efb676...refs/remotes/origin/main [15ms]
2025-02-23 17:46:33.008 [info] > git rev-parse --show-toplevel [71ms]
2025-02-23 17:46:33.101 [info] > git rev-parse --show-toplevel [18ms]
2025-02-23 17:46:33.122 [info] > git rev-parse --show-toplevel [8ms]
2025-02-23 17:46:33.196 [info] > git rev-parse --show-toplevel [62ms]
2025-02-23 17:46:33.207 [info] > git rev-parse --show-toplevel [2ms]
2025-02-23 17:46:33.223 [info] > git rev-parse --show-toplevel [5ms]
2025-02-23 17:46:33.238 [info] > git rev-parse --show-toplevel [5ms]
2025-02-23 17:46:33.249 [info] > git rev-parse --show-toplevel [3ms]
2025-02-23 17:46:33.249 [info] [Model][doInitialScan] Initial repository scan completed - repositories (1), closed repositories (0), parent repositories (0), unsafe repositories (0)
2025-02-23 17:46:33.281 [info] > git show --textconv :storage.py [16ms]
2025-02-23 17:46:33.282 [info] > git ls-files --stage -- /home/leozhontai561/storage.py [7ms]
2025-02-23 17:46:33.294 [info] > git cat-file -s f170ff8f770d68d6a7f269b4e3db43826c0425cc [3ms]
2025-02-23 17:46:35.328 [info] > git config --get commit.template [3ms]
2025-02-23 17:46:35.339 [info] > git for-each-ref --format=%(refname)%00%(upstream:short)%00%(objectname)%00%(upstream:track)%00%(upstream:remotename)%00%(upstream:remoteref) refs/heads/main refs/remotes/main [3ms]
2025-02-23 17:46:35.415 [info] > git status -z -uall [63ms]
2025-02-23 17:46:35.515 [info] > git for-each-ref --sort -committerdate --format %(refname) %(objectname) %(*objectname) [146ms]
2025-02-23 17:46:40.542 [info] > git config --get commit.template [8ms]
2025-02-23 17:46:40.543 [info] > git for-each-ref --format=%(refname)%00%(upstream:short)%00%(objectname)%00%(upstream:track)%00%(upstream:remotename)%00%(upstream:remoteref) refs/heads/main refs/remotes/main [2ms]
2025-02-23 17:46:40.561 [info] > git for-each-ref --sort -committerdate --format %(refname) %(objectname) %(*objectname) [2ms]
2025-02-23 17:46:40.573 [info] > git status -z -uall [23ms]
2025-02-23 17:46:45.598 [info] > git config --get commit.template [8ms]
2025-02-23 17:46:45.599 [info] > git for-each-ref --format=%(refname)%00%(upstream:short)%00%(objectname)%00%(upstream:track)%00%(upstream:remotename)%00%(upstream:remoteref) refs/heads/main refs/remotes/main [2ms]
2025-02-23 17:46:45.617 [info] > git for-each-ref --sort -committerdate --format %(refname) %(objectname) %(*objectname) [2ms]
2025-02-23 17:46:45.628 [info] > git status -z -uall [22ms]
2025-02-23 17:46:50.655 [info] > git config --get commit.template [8ms]
2025-02-23 17:46:50.656 [info] > git for-each-ref --format=%(refname)%00%(upstream:short)%00%(objectname)%00%(upstream:track)%00%(upstream:remotename)%00%(upstream:remoteref) refs/heads/main refs/remotes/main [2ms]
2025-02-23 17:46:50.675 [info] > git for-each-ref --sort -committerdate --format %(refname) %(objectname) %(*objectname) [2ms]
2025-02-23 17:46:50.685 [info] > git status -z -uall [21ms]
2025-02-23 17:46:55.711 [info] > git config --get commit.template [8ms]
2025-02-23 17:46:55.712 [info] > git for-each-ref --format=%(refname)%00%(upstream:short)%00%(objectname)%00%(upstream:track)%00%(upstream:remotename)%00%(upstream:remoteref) refs/heads/main refs/remotes/main [3ms]
2025-02-23 17:46:55.732 [info] > git for-each-ref --sort -committerdate --format %(refname) %(objectname) %(*objectname) [2ms]
2025-02-23 17:46:55.743 [info] > git status -z -uall [22ms]
2025-02-23 17:47:00.769 [info] > git config --get commit.template [9ms]
2025-02-23 17:47:00.770 [info] > git for-each-ref --format=%(refname)%00%(upstream:short)%00%(objectname)%00%(upstream:track)%00%(upstream:remotename)%00%(upstream:remoteref) refs/heads/main refs/remotes/main [2ms]
2025-02-23 17:47:00.791 [info] > git for-each-ref --sort -committerdate --format %(refname) %(objectname) %(*objectname) [3ms]
2025-02-23 17:47:00.800 [info] > git status -z -uall [21ms]
2025-02-23 17:47:05.828 [info] > git config --get commit.template [8ms]
2025-02-23 17:47:05.829 [info] > git for-each-ref --format=%(refname)%00%(upstream:short)%00%(objectname)%00%(upstream:track)%00%(upstream:remotename)%00%(upstream:remoteref) refs/heads/main refs/remotes/main [2ms]
2025-02-23 17:47:05.850 [info] > git for-each-ref --sort -committerdate --format %(refname) %(objectname) %(*objectname) [3ms]
2025-02-23 17:47:05.857 [info] > git status -z -uall [20ms]
2025-02-23 17:47:10.881 [info] > git config --get commit.template [7ms]
2025-02-23 17:47:10.882 [info] > git for-each-ref --format=%(refname)%00%(upstream:short)%00%(objectname)%00%(upstream:track)%00%(upstream:remotename)%00%(upstream:remoteref) refs/heads/main refs/remotes/main [2ms]
2025-02-23 17:47:10.899 [info] > git for-each-ref --sort -committerdate --format %(refname) %(objectname) %(*objectname) [2ms]
2025-02-23 17:47:10.910 [info] > git status -z -uall [21ms]
2025-02-23 17:47:15.937 [info] > git config --get commit.template [8ms]
2025-02-23 17:47:15.938 [info] > git for-each-ref --format=%(refname)%00%(upstream:short)%00%(objectname)%00%(upstream:track)%00%(upstream:remotename)%00%(upstream:remoteref) refs/heads/main refs/remotes/main [2ms]
2025-02-23 17:47:15.956 [info] > git for-each-ref --sort -committerdate --format %(refname) %(objectname) %(*objectname) [2ms]
2025-02-23 17:47:15.967 [info] > git status -z -uall [21ms]
2025-02-23 17:47:20.992 [info] > git config --get commit.template [8ms]
2025-02-23 17:47:20.994 [info] > git for-each-ref --format=%(refname)%00%(upstream:short)%00%(objectname)%00%(upstream:track)%00%(upstream:remotename)%00%(upstream:remoteref) refs/heads/main refs/remotes/main [3ms]
2025-02-23 17:47:21.015 [info] > git for-each-ref --sort -committerdate --format %(refname) %(objectname) %(*objectname) [3ms]
2025-02-23 17:47:21.026 [info] > git status -z -uall [23ms]
2025-02-23 17:47:26.050 [info] > git config --get commit.template [8ms]
2025-02-23 17:47:26.052 [info] > git for-each-ref --format=%(refname)%00%(upstream:short)%00%(objectname)%00%(upstream:track)%00%(upstream:remotename)%00%(upstream:remoteref) refs/heads/main refs/remotes/main [3ms]
2025-02-23 17:47:26.070 [info] > git for-each-ref --sort -committerdate --format %(refname) %(objectname) %(*objectname) [3ms]
2025-02-23 17:47:26.081 [info] > git status -z -uall [22ms]
2025-02-23 17:47:33.720 [info] > git config --get commit.template [6ms]
2025-02-23 17:47:33.737 [info] > git for-each-ref --format=%(refname)%00%(upstream:short)%00%(objectname)%00%(upstream:track)%00%(upstream:remotename)%00%(upstream:remoteref) refs/heads/main refs/remotes/main [4ms]
2025-02-23 17:47:33.756 [info] > git for-each-ref --sort -committerdate --format %(refname) %(objectname) %(*objectname) [3ms]
2025-02-23 17:47:33.766 [info] > git status -z -uall [22ms]
2025-02-23 17:47:38.790 [info] > git config --get commit.template [8ms]
2025-02-23 17:47:38.791 [info] > git for-each-ref --format=%(refname)%00%(upstream:short)%00%(objectname)%00%(upstream:track)%00%(upstream:remotename)%00%(upstream:remoteref) refs/heads/main refs/remotes/main [2ms]
2025-02-23 17:47:38.810 [info] > git for-each-ref --sort -committerdate --format %(refname) %(objectname) %(*objectname) [2ms]
2025-02-23 17:47:38.820 [info] > git status -z -uall [21ms]
2025-02-23 17:47:43.842 [info] > git config --get commit.template [7ms]
2025-02-23 17:47:43.844 [info] > git for-each-ref --format=%(refname)%00%(upstream:short)%00%(objectname)%00%(upstream:track)%00%(upstream:remotename)%00%(upstream:remoteref) refs/heads/main refs/remotes/main [2ms]
2025-02-23 17:47:43.861 [info] > git for-each-ref --sort -committerdate --format %(refname) %(objectname) %(*objectname) [2ms]
2025-02-23 17:47:43.872 [info] > git status -z -uall [21ms]
2025-02-23 17:47:48.897 [info] > git config --get commit.template [10ms]
2025-02-23 17:47:48.898 [info] > git for-each-ref --format=%(refname)%00%(upstream:short)%00%(objectname)%00%(upstream:track)%00%(upstream:remotename)%00%(upstream:remoteref) refs/heads/main refs/remotes/main [2ms]
2025-02-23 17:47:48.918 [info] > git for-each-ref --sort -committerdate --format %(refname) %(objectname) %(*objectname) [3ms]
2025-02-23 17:47:48.928 [info] > git status -z -uall [21ms]
2025-02-23 17:47:53.978 [info] > git config --get commit.template [34ms]
2025-02-23 17:47:53.979 [info] > git for-each-ref --format=%(refname)%00%(upstream:short)%00%(objectname)%00%(upstream:track)%00%(upstream:remotename)%00%(upstream:remoteref) refs/heads/main refs/remotes/main [28ms]
2025-02-23 17:47:54.002 [info] > git for-each-ref --sort -committerdate --format %(refname) %(objectname) %(*objectname) [2ms]
2025-02-23 17:47:54.011 [info] > git status -z -uall [21ms]
2025-02-23 17:47:59.040 [info] > git config --get commit.template [10ms]
2025-02-23 17:47:59.041 [info] > git for-each-ref --format=%(refname)%00%(upstream:short)%00%(objectname)%00%(upstream:track)%00%(upstream:remotename)%00%(upstream:remoteref) refs/heads/main refs/remotes/main [2ms]
2025-02-23 17:47:59.062 [info] > git for-each-ref --sort -committerdate --format %(refname) %(objectname) %(*objectname) [2ms]
2025-02-23 17:47:59.071 [info] > git status -z -uall [21ms]
2025-02-23 17:48:04.097 [info] > git config --get commit.template [8ms]
2025-02-23 17:48:04.099 [info] > git for-each-ref --format=%(refname)%00%(upstream:short)%00%(objectname)%00%(upstream:track)%00%(upstream:remotename)%00%(upstream:remoteref) refs/heads/main refs/remotes/main [3ms]
2025-02-23 17:48:04.118 [info] > git for-each-ref --sort -committerdate --format %(refname) %(objectname) %(*objectname) [2ms]
2025-02-23 17:48:04.128 [info] > git status -z -uall [21ms]
2025-02-23 17:48:09.154 [info] > git config --get commit.template [8ms]
2025-02-23 17:48:09.156 [info] > git for-each-ref --format=%(refname)%00%(upstream:short)%00%(objectname)%00%(upstream:track)%00%(upstream:remotename)%00%(upstream:remoteref) refs/heads/main refs/remotes/main [2ms]
2025-02-23 17:48:09.174 [info] > git for-each-ref --sort -committerdate --format %(refname) %(objectname) %(*objectname) [3ms]
2025-02-23 17:48:09.185 [info] > git status -z -uall [22ms]
2025-02-23 17:48:14.210 [info] > git config --get commit.template [8ms]
2025-02-23 17:48:14.212 [info] > git for-each-ref --format=%(refname)%00%(upstream:short)%00%(objectname)%00%(upstream:track)%00%(upstream:remotename)%00%(upstream:remoteref) refs/heads/main refs/remotes/main [3ms]
2025-02-23 17:48:14.231 [info] > git for-each-ref --sort -committerdate --format %(refname) %(objectname) %(*objectname) [2ms]
2025-02-23 17:48:14.241 [info] > git status -z -uall [20ms]
2025-02-23 17:48:19.266 [info] > git config --get commit.template [8ms]
2025-02-23 17:48:19.267 [info] > git for-each-ref --format=%(refname)%00%(upstream:short)%00%(objectname)%00%(upstream:track)%00%(upstream:remotename)%00%(upstream:remoteref) refs/heads/main refs/remotes/main [2ms]
2025-02-23 17:48:19.285 [info] > git for-each-ref --sort -committerdate --format %(refname) %(objectname) %(*objectname) [2ms]
2025-02-23 17:48:19.296 [info] > git status -z -uall [21ms]
2025-02-23 17:48:24.321 [info] > git config --get commit.template [8ms]
2025-02-23 17:48:24.322 [info] > git for-each-ref --format=%(refname)%00%(upstream:short)%00%(objectname)%00%(upstream:track)%00%(upstream:remotename)%00%(upstream:remoteref) refs/heads/main refs/remotes/main [2ms]
2025-02-23 17:48:24.340 [info] > git for-each-ref --sort -committerdate --format %(refname) %(objectname) %(*objectname) [2ms]
2025-02-23 17:48:24.350 [info] > git status -z -uall [20ms]
2025-02-23 17:48:29.376 [info] > git config --get commit.template [8ms]
2025-02-23 17:48:29.377 [info] > git for-each-ref --format=%(refname)%00%(upstream:short)%00%(objectname)%00%(upstream:track)%00%(upstream:remotename)%00%(upstream:remoteref) refs/heads/main refs/remotes/main [2ms]
2025-02-23 17:48:29.394 [info] > git for-each-ref --sort -committerdate --format %(refname) %(objectname) %(*objectname) [2ms]
2025-02-23 17:48:29.405 [info] > git status -z -uall [21ms]
2025-02-23 17:48:34.432 [info] > git config --get commit.template [8ms]
2025-02-23 17:48:34.434 [info] > git for-each-ref --format=%(refname)%00%(upstream:short)%00%(objectname)%00%(upstream:track)%00%(upstream:remotename)%00%(upstream:remoteref) refs/heads/main refs/remotes/main [2ms]
2025-02-23 17:48:34.452 [info] > git for-each-ref --sort -committerdate --format %(refname) %(objectname) %(*objectname) [2ms]
2025-02-23 17:48:34.462 [info] > git status -z -uall [19ms]
2025-02-23 17:48:39.488 [info] > git config --get commit.template [9ms]
2025-02-23 17:48:39.489 [info] > git for-each-ref --format=%(refname)%00%(upstream:short)%00%(objectname)%00%(upstream:track)%00%(upstream:remotename)%00%(upstream:remoteref) refs/heads/main refs/remotes/main [2ms]
2025-02-23 17:48:39.510 [info] > git for-each-ref --sort -committerdate --format %(refname) %(objectname) %(*objectname) [3ms]
2025-02-23 17:48:39.525 [info] > git status -z -uall [28ms]
2025-02-23 17:48:44.551 [info] > git config --get commit.template [3ms]
2025-02-23 17:48:44.559 [info] > git for-each-ref --format=%(refname)%00%(upstream:short)%00%(objectname)%00%(upstream:track)%00%(upstream:remotename)%00%(upstream:remoteref) refs/heads/main refs/remotes/main [2ms]
2025-02-23 17:48:44.579 [info] > git for-each-ref --sort -committerdate --format %(refname) %(objectname) %(*objectname) [3ms]
2025-02-23 17:48:44.591 [info] > git status -z -uall [24ms]
2025-02-23 17:48:49.615 [info] > git config --get commit.template [8ms]
2025-02-23 17:48:49.617 [info] > git for-each-ref --format=%(refname)%00%(upstream:short)%00%(objectname)%00%(upstream:track)%00%(upstream:remotename)%00%(upstream:remoteref) refs/heads/main refs/remotes/main [2ms]
2025-02-23 17:48:49.635 [info] > git for-each-ref --sort -committerdate --format %(refname) %(objectname) %(*objectname) [2ms]
2025-02-23 17:48:49.646 [info] > git status -z -uall [22ms]
2025-02-23 17:48:53.842 [info] > git show --textconv :gemini.py [10ms]
2025-02-23 17:48:53.843 [info] > git ls-files --stage -- /home/leozhontai561/gemini.py [4ms]
2025-02-23 17:48:54.003 [info] > git check-ignore -v -z --stdin [2ms]
2025-02-23 17:48:54.673 [info] > git config --get commit.template [10ms]
2025-02-23 17:48:54.674 [info] > git for-each-ref --format=%(refname)%00%(upstream:short)%00%(objectname)%00%(upstream:track)%00%(upstream:remotename)%00%(upstream:remoteref) refs/heads/main refs/remotes/main [2ms]
2025-02-23 17:48:54.692 [info] > git for-each-ref --sort -committerdate --format %(refname) %(objectname) %(*objectname) [3ms]
2025-02-23 17:48:54.703 [info] > git status -z -uall [22ms]
2025-02-23 17:48:57.301 [info] > git ls-files --stage -- /home/leozhontai561/main.py [3ms]
2025-02-23 17:48:57.360 [info] > git cat-file -s 0ee1ad4bfad1042c21892e20a4f3008d9fd87f93 [52ms]
2025-02-23 17:48:57.361 [info] > git show --textconv :main.py [70ms]
2025-02-23 17:48:59.729 [info] > git config --get commit.template [7ms]
2025-02-23 17:48:59.730 [info] > git for-each-ref --format=%(refname)%00%(upstream:short)%00%(objectname)%00%(upstream:track)%00%(upstream:remotename)%00%(upstream:remoteref) refs/heads/main refs/remotes/main [2ms]
2025-02-23 17:48:59.749 [info] > git for-each-ref --sort -committerdate --format %(refname) %(objectname) %(*objectname) [3ms]
2025-02-23 17:48:59.758 [info] > git status -z -uall [20ms]
2025-02-23 17:49:04.782 [info] > git config --get commit.template [8ms]
2025-02-23 17:49:04.783 [info] > git for-each-ref --format=%(refname)%00%(upstream:short)%00%(objectname)%00%(upstream:track)%00%(upstream:remotename)%00%(upstream:remoteref) refs/heads/main refs/remotes/main [2ms]
2025-02-23 17:49:04.799 [info] > git for-each-ref --sort -committerdate --format %(refname) %(objectname) %(*objectname) [2ms]
2025-02-23 17:49:04.811 [info] > git status -z -uall [21ms]
2025-02-23 17:49:34.088 [info] > git config --get commit.template [7ms]
2025-02-23 17:49:34.089 [info] > git for-each-ref --format=%(refname)%00%(upstream:short)%00%(objectname)%00%(upstream:track)%00%(upstream:remotename)%00%(upstream:remoteref) refs/heads/main refs/remotes/main [3ms]
2025-02-23 17:49:34.108 [info] > git for-each-ref --sort -committerdate --format %(refname) %(objectname) %(*objectname) [3ms]
2025-02-23 17:49:34.119 [info] > git status -z -uall [21ms]
2025-02-23 17:49:35.882 [info] > git show --textconv :storage.py [9ms]
2025-02-23 17:49:35.883 [info] > git ls-files --stage -- /home/leozhontai561/storage.py [2ms]
2025-02-23 17:49:35.894 [info] > git cat-file -s f170ff8f770d68d6a7f269b4e3db43826c0425cc [2ms]
2025-02-23 17:49:39.147 [info] > git config --get commit.template [8ms]
2025-02-23 17:49:39.148 [info] > git for-each-ref --format=%(refname)%00%(upstream:short)%00%(objectname)%00%(upstream:track)%00%(upstream:remotename)%00%(upstream:remoteref) refs/heads/main refs/remotes/main [2ms]
2025-02-23 17:49:39.168 [info] > git for-each-ref --sort -committerdate --format %(refname) %(objectname) %(*objectname) [2ms]
2025-02-23 17:49:39.177 [info] > git status -z -uall [21ms]
2025-02-23 17:50:06.606 [info] > git config --get commit.template [8ms]
2025-02-23 17:50:06.607 [info] > git for-each-ref --format=%(refname)%00%(upstream:short)%00%(objectname)%00%(upstream:track)%00%(upstream:remotename)%00%(upstream:remoteref) refs/heads/main refs/remotes/main [2ms]
2025-02-23 17:50:06.627 [info] > git for-each-ref --sort -committerdate --format %(refname) %(objectname) %(*objectname) [3ms]
2025-02-23 17:50:06.637 [info] > git status -z -uall [22ms]
2025-02-23 17:50:10.840 [info] > git show --textconv :gemini.py [9ms]
2025-02-23 17:50:10.841 [info] > git ls-files --stage -- /home/leozhontai561/gemini.py [3ms]
2025-02-23 17:50:11.666 [info] > git for-each-ref --format=%(refname)%00%(upstream:short)%00%(objectname)%00%(upstream:track)%00%(upstream:remotename)%00%(upstream:remoteref) refs/heads/main refs/remotes/main [2ms]
2025-02-23 17:50:11.666 [info] > git config --get commit.template [10ms]
2025-02-23 17:50:11.684 [info] > git for-each-ref --sort -committerdate --format %(refname) %(objectname) %(*objectname) [2ms]
2025-02-23 17:50:11.696 [info] > git status -z -uall [23ms]
2025-02-23 17:50:23.018 [info] > git config --get commit.template [3ms]
2025-02-23 17:50:23.026 [info] > git for-each-ref --format=%(refname)%00%(upstream:short)%00%(objectname)%00%(upstream:track)%00%(upstream:remotename)%00%(upstream:remoteref) refs/heads/main refs/remotes/main [2ms]
2025-02-23 17:50:23.045 [info] > git for-each-ref --sort -committerdate --format %(refname) %(objectname) %(*objectname) [2ms]
2025-02-23 17:50:23.055 [info] > git status -z -uall [21ms]
2025-02-23 17:50:30.648 [info] > git config --get commit.template [8ms]
2025-02-23 17:50:30.650 [info] > git for-each-ref --format=%(refname)%00%(upstream:short)%00%(objectname)%00%(upstream:track)%00%(upstream:remotename)%00%(upstream:remoteref) refs/heads/main refs/remotes/main [2ms]
2025-02-23 17:50:30.668 [info] > git for-each-ref --sort -committerdate --format %(refname) %(objectname) %(*objectname) [3ms]
2025-02-23 17:50:30.678 [info] > git status -z -uall [21ms]
2025-02-23 17:50:35.803 [info] > git config --get commit.template [8ms]
2025-02-23 17:50:35.804 [info] > git for-each-ref --format=%(refname)%00%(upstream:short)%00%(objectname)%00%(upstream:track)%00%(upstream:remotename)%00%(upstream:remoteref) refs/heads/main refs/remotes/main [2ms]
2025-02-23 17:50:35.823 [info] > git for-each-ref --sort -committerdate --format %(refname) %(objectname) %(*objectname) [3ms]
2025-02-23 17:50:35.832 [info] > git status -z -uall [21ms]
2025-02-23 17:50:40.858 [info] > git config --get commit.template [8ms]
2025-02-23 17:50:40.860 [info] > git for-each-ref --format=%(refname)%00%(upstream:short)%00%(objectname)%00%(upstream:track)%00%(upstream:remotename)%00%(upstream:remoteref) refs/heads/main refs/remotes/main [3ms]
2025-02-23 17:50:40.877 [info] > git for-each-ref --sort -committerdate --format %(refname) %(objectname) %(*objectname) [3ms]
2025-02-23 17:50:40.888 [info] > git status -z -uall [21ms]
2025-02-23 17:51:04.920 [info] > git config --get commit.template [10ms]
2025-02-23 17:51:04.921 [info] > git for-each-ref --format=%(refname)%00%(upstream:short)%00%(objectname)%00%(upstream:track)%00%(upstream:remotename)%00%(upstream:remoteref) refs/heads/main refs/remotes/main [3ms]
2025-02-23 17:51:04.940 [info] > git for-each-ref --sort -committerdate --format %(refname) %(objectname) %(*objectname) [3ms]
2025-02-23 17:51:04.949 [info] > git status -z -uall [21ms]
2025-02-23 17:51:10.474 [info] > git config --get commit.template [7ms]
2025-02-23 17:51:10.475 [info] > git for-each-ref --format=%(refname)%00%(upstream:short)%00%(objectname)%00%(upstream:track)%00%(upstream:remotename)%00%(upstream:remoteref) refs/heads/main refs/remotes/main [2ms]
2025-02-23 17:51:10.494 [info] > git for-each-ref --sort -committerdate --format %(refname) %(objectname) %(*objectname) [2ms]
2025-02-23 17:51:10.505 [info] > git status -z -uall [23ms]
2025-02-23 17:51:15.525 [info] > git config --get commit.template [2ms]
2025-02-23 17:51:15.534 [info] > git for-each-ref --format=%(refname)%00%(upstream:short)%00%(objectname)%00%(upstream:track)%00%(upstream:remotename)%00%(upstream:remoteref) refs/heads/main refs/remotes/main [1ms]
2025-02-23 17:51:15.550 [info] > git for-each-ref --sort -committerdate --format %(refname) %(objectname) %(*objectname) [2ms]
2025-02-23 17:51:15.561 [info] > git status -z -uall [20ms]
2025-02-23 17:51:20.586 [info] > git config --get commit.template [8ms]
2025-02-23 17:51:20.587 [info] > git for-each-ref --format=%(refname)%00%(upstream:short)%00%(objectname)%00%(upstream:track)%00%(upstream:remotename)%00%(upstream:remoteref) refs/heads/main refs/remotes/main [2ms]
2025-02-23 17:51:20.604 [info] > git for-each-ref --sort -committerdate --format %(refname) %(objectname) %(*objectname) [2ms]
2025-02-23 17:51:20.615 [info] > git status -z -uall [21ms]
2025-02-23 17:51:26.544 [info] > git config --get commit.template [2ms]
2025-02-23 17:51:26.553 [info] > git for-each-ref --format=%(refname)%00%(upstream:short)%00%(objectname)%00%(upstream:track)%00%(upstream:remotename)%00%(upstream:remoteref) refs/heads/main refs/remotes/main [2ms]
2025-02-23 17:51:26.571 [info] > git for-each-ref --sort -committerdate --format %(refname) %(objectname) %(*objectname) [3ms]
2025-02-23 17:51:26.581 [info] > git status -z -uall [21ms]
2025-02-23 17:51:31.602 [info] > git config --get commit.template [3ms]
2025-02-23 17:51:31.611 [info] > git for-each-ref --format=%(refname)%00%(upstream:short)%00%(objectname)%00%(upstream:track)%00%(upstream:remotename)%00%(upstream:remoteref) refs/heads/main refs/remotes/main [2ms]
2025-02-23 17:51:31.628 [info] > git for-each-ref --sort -committerdate --format %(refname) %(objectname) %(*objectname) [2ms]
2025-02-23 17:51:31.639 [info] > git status -z -uall [21ms]
2025-02-23 17:51:36.665 [info] > git config --get commit.template [8ms]
2025-02-23 17:51:36.666 [info] > git for-each-ref --format=%(refname)%00%(upstream:short)%00%(objectname)%00%(upstream:track)%00%(upstream:remotename)%00%(upstream:remoteref) refs/heads/main refs/remotes/main [2ms]
2025-02-23 17:51:36.684 [info] > git for-each-ref --sort -committerdate --format %(refname) %(objectname) %(*objectname) [2ms]
2025-02-23 17:51:36.695 [info] > git status -z -uall [21ms]
2025-02-23 17:51:41.722 [info] > git config --get commit.template [8ms]
2025-02-23 17:51:41.724 [info] > git for-each-ref --format=%(refname)%00%(upstream:short)%00%(objectname)%00%(upstream:track)%00%(upstream:remotename)%00%(upstream:remoteref) refs/heads/main refs/remotes/main [2ms]
2025-02-23 17:51:41.743 [info] > git for-each-ref --sort -committerdate --format %(refname) %(objectname) %(*objectname) [3ms]
2025-02-23 17:51:41.753 [info] > git status -z -uall [21ms]
2025-02-23 17:51:50.135 [info] > git config --get commit.template [8ms]
2025-02-23 17:51:50.136 [info] > git for-each-ref --format=%(refname)%00%(upstream:short)%00%(objectname)%00%(upstream:track)%00%(upstream:remotename)%00%(upstream:remoteref) refs/heads/main refs/remotes/main [2ms]
2025-02-23 17:51:50.156 [info] > git for-each-ref --sort -committerdate --format %(refname) %(objectname) %(*objectname) [3ms]
2025-02-23 17:51:50.167 [info] > git status -z -uall [23ms]
2025-02-23 17:51:55.193 [info] > git config --get commit.template [8ms]
2025-02-23 17:51:55.195 [info] > git for-each-ref --format=%(refname)%00%(upstream:short)%00%(objectname)%00%(upstream:track)%00%(upstream:remotename)%00%(upstream:remoteref) refs/heads/main refs/remotes/main [2ms]
2025-02-23 17:51:55.212 [info] > git for-each-ref --sort -committerdate --format %(refname) %(objectname) %(*objectname) [2ms]
2025-02-23 17:51:55.223 [info] > git status -z -uall [21ms]
2025-02-23 17:52:04.849 [info] > git config --get commit.template [2ms]
2025-02-23 17:52:04.858 [info] > git for-each-ref --format=%(refname)%00%(upstream:short)%00%(objectname)%00%(upstream:track)%00%(upstream:remotename)%00%(upstream:remoteref) refs/heads/main refs/remotes/main [2ms]
2025-02-23 17:52:04.875 [info] > git for-each-ref --sort -committerdate --format %(refname) %(objectname) %(*objectname) [2ms]
2025-02-23 17:52:04.886 [info] > git status -z -uall [21ms]
2025-02-23 17:55:43.255 [info] > git config --get commit.template [9ms]
2025-02-23 17:55:43.256 [info] > git for-each-ref --format=%(refname)%00%(upstream:short)%00%(objectname)%00%(upstream:track)%00%(upstream:remotename)%00%(upstream:remoteref) refs/heads/main refs/remotes/main [2ms]
2025-02-23 17:55:43.275 [info] > git for-each-ref --sort -committerdate --format %(refname) %(objectname) %(*objectname) [2ms]
2025-02-23 17:55:43.285 [info] > git status -z -uall [21ms]
2025-02-23 17:55:48.312 [info] > git config --get commit.template [9ms]
2025-02-23 17:55:48.312 [info] > git for-each-ref --format=%(refname)%00%(upstream:short)%00%(objectname)%00%(upstream:track)%00%(upstream:remotename)%00%(upstream:remoteref) refs/heads/main refs/remotes/main [2ms]
2025-02-23 17:55:48.328 [info] > git for-each-ref --sort -committerdate --format %(refname) %(objectname) %(*objectname) [2ms]
2025-02-23 17:55:48.339 [info] > git status -z -uall [20ms]
2025-02-23 17:55:53.359 [info] > git config --get commit.template [3ms]
2025-02-23 17:55:53.368 [info] > git for-each-ref --format=%(refname)%00%(upstream:short)%00%(objectname)%00%(upstream:track)%00%(upstream:remotename)%00%(upstream:remoteref) refs/heads/main refs/remotes/main [2ms]
2025-02-23 17:55:53.385 [info] > git for-each-ref --sort -committerdate --format %(refname) %(objectname) %(*objectname) [3ms]
2025-02-23 17:55:53.395 [info] > git status -z -uall [20ms]
2025-02-23 17:55:53.934 [info] > git show --textconv :main.py [8ms]
2025-02-23 17:55:53.935 [info] > git ls-files --stage -- /home/leozhontai561/main.py [2ms]
2025-02-23 17:55:53.944 [info] > git cat-file -s 0ee1ad4bfad1042c21892e20a4f3008d9fd87f93 [2ms]
2025-02-23 17:56:07.671 [info] > git config --get commit.template [8ms]
2025-02-23 17:56:07.672 [info] > git for-each-ref --format=%(refname)%00%(upstream:short)%00%(objectname)%00%(upstream:track)%00%(upstream:remotename)%00%(upstream:remoteref) refs/heads/main refs/remotes/main [2ms]
2025-02-23 17:56:07.690 [info] > git for-each-ref --sort -committerdate --format %(refname) %(objectname) %(*objectname) [2ms]
2025-02-23 17:56:07.701 [info] > git status -z -uall [20ms]
2025-02-23 17:56:12.729 [info] > git config --get commit.template [8ms]
2025-02-23 17:56:12.730 [info] > git for-each-ref --format=%(refname)%00%(upstream:short)%00%(objectname)%00%(upstream:track)%00%(upstream:remotename)%00%(upstream:remoteref) refs/heads/main refs/remotes/main [2ms]
2025-02-23 17:56:12.750 [info] > git for-each-ref --sort -committerdate --format %(refname) %(objectname) %(*objectname) [3ms]
2025-02-23 17:56:12.760 [info] > git status -z -uall [21ms]
2025-02-23 17:56:17.787 [info] > git for-each-ref --format=%(refname)%00%(upstream:short)%00%(objectname)%00%(upstream:track)%00%(upstream:remotename)%00%(upstream:remoteref) refs/heads/main refs/remotes/main [2ms]
2025-02-23 17:56:17.787 [info] > git config --get commit.template [10ms]
2025-02-23 17:56:17.805 [info] > git for-each-ref --sort -committerdate --format %(refname) %(objectname) %(*objectname) [2ms]
2025-02-23 17:56:17.817 [info] > git status -z -uall [22ms]
2025-02-23 17:56:23.127 [info] > git config --get commit.template [9ms]
2025-02-23 17:56:23.128 [info] > git for-each-ref --format=%(refname)%00%(upstream:short)%00%(objectname)%00%(upstream:track)%00%(upstream:remotename)%00%(upstream:remoteref) refs/heads/main refs/remotes/main [2ms]
2025-02-23 17:56:23.146 [info] > git for-each-ref --sort -committerdate --format %(refname) %(objectname) %(*objectname) [3ms]
2025-02-23 17:56:23.157 [info] > git status -z -uall [22ms]
2025-02-23 17:56:28.183 [info] > git config --get commit.template [8ms]
2025-02-23 17:56:28.184 [info] > git for-each-ref --format=%(refname)%00%(upstream:short)%00%(objectname)%00%(upstream:track)%00%(upstream:remotename)%00%(upstream:remoteref) refs/heads/main refs/remotes/main [2ms]
2025-02-23 17:56:28.202 [info] > git for-each-ref --sort -committerdate --format %(refname) %(objectname) %(*objectname) [3ms]
2025-02-23 17:56:28.212 [info] > git status -z -uall [20ms]
2025-02-23 17:56:33.236 [info] > git config --get commit.template [8ms]
2025-02-23 17:56:33.238 [info] > git for-each-ref --format=%(refname)%00%(upstream:short)%00%(objectname)%00%(upstream:track)%00%(upstream:remotename)%00%(upstream:remoteref) refs/heads/main refs/remotes/main [3ms]
2025-02-23 17:56:33.256 [info] > git for-each-ref --sort -committerdate --format %(refname) %(objectname) %(*objectname) [2ms]
2025-02-23 17:56:33.266 [info] > git status -z -uall [20ms]
2025-02-23 17:56:38.294 [info] > git config --get commit.template [8ms]
2025-02-23 17:56:38.295 [info] > git for-each-ref --format=%(refname)%00%(upstream:short)%00%(objectname)%00%(upstream:track)%00%(upstream:remotename)%00%(upstream:remoteref) refs/heads/main refs/remotes/main [2ms]
2025-02-23 17:56:38.316 [info] > git for-each-ref --sort -committerdate --format %(refname) %(objectname) %(*objectname) [3ms]
2025-02-23 17:56:38.327 [info] > git status -z -uall [24ms]
2025-02-23 17:58:03.567 [info] > git config --get commit.template [2ms]
2025-02-23 17:58:03.576 [info] > git for-each-ref --format=%(refname)%00%(upstream:short)%00%(objectname)%00%(upstream:track)%00%(upstream:remotename)%00%(upstream:remoteref) refs/heads/main refs/remotes/main [2ms]
2025-02-23 17:58:03.595 [info] > git for-each-ref --sort -committerdate --format %(refname) %(objectname) %(*objectname) [3ms]
2025-02-23 17:58:03.605 [info] > git status -z -uall [21ms]
2025-02-23 17:58:08.636 [info] > git config --get commit.template [9ms]
2025-02-23 17:58:08.637 [info] > git for-each-ref --format=%(refname)%00%(upstream:short)%00%(objectname)%00%(upstream:track)%00%(upstream:remotename)%00%(upstream:remoteref) refs/heads/main refs/remotes/main [2ms]
2025-02-23 17:58:08.657 [info] > git for-each-ref --sort -committerdate --format %(refname) %(objectname) %(*objectname) [2ms]
2025-02-23 17:58:08.668 [info] > git status -z -uall [22ms]
2025-02-23 17:59:02.434 [info] > git config --get commit.template [3ms]
2025-02-23 17:59:02.443 [info] > git for-each-ref --format=%(refname)%00%(upstream:short)%00%(objectname)%00%(upstream:track)%00%(upstream:remotename)%00%(upstream:remoteref) refs/heads/main refs/remotes/main [2ms]
2025-02-23 17:59:02.462 [info] > git for-each-ref --sort -committerdate --format %(refname) %(objectname) %(*objectname) [2ms]
2025-02-23 17:59:02.471 [info] > git status -z -uall [21ms]
2025-02-23 17:59:07.497 [info] > git config --get commit.template [7ms]
2025-02-23 17:59:07.499 [info] > git for-each-ref --format=%(refname)%00%(upstream:short)%00%(objectname)%00%(upstream:track)%00%(upstream:remotename)%00%(upstream:remoteref) refs/heads/main refs/remotes/main [1ms]
2025-02-23 17:59:07.517 [info] > git for-each-ref --sort -committerdate --format %(refname) %(objectname) %(*objectname) [2ms]
2025-02-23 17:59:07.526 [info] > git status -z -uall [20ms]
2025-02-23 17:59:09.614 [info] > git show --textconv :gemini.py [9ms]
2025-02-23 17:59:09.616 [info] > git ls-files --stage -- /home/leozhontai561/gemini.py [3ms]
2025-02-23 17:59:23.626 [info] > git config --get commit.template [8ms]
2025-02-23 17:59:23.627 [info] > git for-each-ref --format=%(refname)%00%(upstream:short)%00%(objectname)%00%(upstream:track)%00%(upstream:remotename)%00%(upstream:remoteref) refs/heads/main refs/remotes/main [2ms]
2025-02-23 17:59:23.645 [info] > git for-each-ref --sort -committerdate --format %(refname) %(objectname) %(*objectname) [2ms]
2025-02-23 17:59:23.656 [info] > git status -z -uall [22ms]
2025-02-23 17:59:28.677 [info] > git config --get commit.template [3ms]
2025-02-23 17:59:28.686 [info] > git for-each-ref --format=%(refname)%00%(upstream:short)%00%(objectname)%00%(upstream:track)%00%(upstream:remotename)%00%(upstream:remoteref) refs/heads/main refs/remotes/main [2ms]
2025-02-23 17:59:28.703 [info] > git for-each-ref --sort -committerdate --format %(refname) %(objectname) %(*objectname) [2ms]
2025-02-23 17:59:28.715 [info] > git status -z -uall [21ms]
2025-02-23 17:59:45.318 [info] > git config --get commit.template [10ms]
2025-02-23 17:59:45.318 [info] > git for-each-ref --format=%(refname)%00%(upstream:short)%00%(objectname)%00%(upstream:track)%00%(upstream:remotename)%00%(upstream:remoteref) refs/heads/main refs/remotes/main [3ms]
2025-02-23 17:59:45.335 [info] > git for-each-ref --sort -committerdate --format %(refname) %(objectname) %(*objectname) [2ms]
2025-02-23 17:59:45.347 [info] > git status -z -uall [22ms]
2025-02-23 17:59:50.373 [info] > git config --get commit.template [8ms]
2025-02-23 17:59:50.374 [info] > git for-each-ref --format=%(refname)%00%(upstream:short)%00%(objectname)%00%(upstream:track)%00%(upstream:remotename)%00%(upstream:remoteref) refs/heads/main refs/remotes/main [2ms]
2025-02-23 17:59:50.389 [info] > git for-each-ref --sort -committerdate --format %(refname) %(objectname) %(*objectname) [2ms]
2025-02-23 17:59:50.401 [info] > git status -z -uall [20ms]
2025-02-23 18:02:33.202 [info] > git check-ignore -v -z --stdin [2ms]
2025-02-23 18:03:14.611 [info] > git config --get commit.template [8ms]
2025-02-23 18:03:14.612 [info] > git for-each-ref --format=%(refname)%00%(upstream:short)%00%(objectname)%00%(upstream:track)%00%(upstream:remotename)%00%(upstream:remoteref) refs/heads/main refs/remotes/main [2ms]
2025-02-23 18:03:14.632 [info] > git for-each-ref --sort -committerdate --format %(refname) %(objectname) %(*objectname) [2ms]
2025-02-23 18:03:14.648 [info] > git status -z -uall [28ms]
2025-02-23 18:03:19.697 [info] > git config --get commit.template [9ms]
2025-02-23 18:03:19.699 [info] > git for-each-ref --format=%(refname)%00%(upstream:short)%00%(objectname)%00%(upstream:track)%00%(upstream:remotename)%00%(upstream:remoteref) refs/heads/main refs/remotes/main [2ms]
2025-02-23 18:03:19.716 [info] > git for-each-ref --sort -committerdate --format %(refname) %(objectname) %(*objectname) [2ms]
2025-02-23 18:03:19.734 [info] > git status -z -uall [28ms]
2025-02-23 18:03:20.802 [info] > git show --textconv :main.py [9ms]
2025-02-23 18:03:20.803 [info] > git ls-files --stage -- /home/leozhontai561/main.py [3ms]
2025-02-23 18:03:20.813 [info] > git cat-file -s 0ee1ad4bfad1042c21892e20a4f3008d9fd87f93 [2ms]
2025-02-23 18:03:24.773 [info] > git config --get commit.template [9ms]
2025-02-23 18:03:24.775 [info] > git for-each-ref --format=%(refname)%00%(upstream:short)%00%(objectname)%00%(upstream:track)%00%(upstream:remotename)%00%(upstream:remoteref) refs/heads/main refs/remotes/main [3ms]
2025-02-23 18:03:24.794 [info] > git for-each-ref --sort -committerdate --format %(refname) %(objectname) %(*objectname) [2ms]
2025-02-23 18:03:24.811 [info] > git status -z -uall [28ms]
2025-02-23 18:03:29.852 [info] > git config --get commit.template [9ms]
2025-02-23 18:03:29.854 [info] > git for-each-ref --format=%(refname)%00%(upstream:short)%00%(objectname)%00%(upstream:track)%00%(upstream:remotename)%00%(upstream:remoteref) refs/heads/main refs/remotes/main [3ms]
2025-02-23 18:03:29.876 [info] > git for-each-ref --sort -committerdate --format %(refname) %(objectname) %(*objectname) [3ms]
2025-02-23 18:03:29.893 [info] > git status -z -uall [31ms]
2025-02-23 18:09:38.306 [info] > git config --get commit.template [8ms]
2025-02-23 18:09:38.307 [info] > git for-each-ref --format=%(refname)%00%(upstream:short)%00%(objectname)%00%(upstream:track)%00%(upstream:remotename)%00%(upstream:remoteref) refs/heads/main refs/remotes/main [2ms]
2025-02-23 18:09:38.326 [info] > git for-each-ref --sort -committerdate --format %(refname) %(objectname) %(*objectname) [3ms]
2025-02-23 18:09:38.344 [info] > git status -z -uall [29ms]
2025-02-23 18:09:40.582 [info] > git show --textconv :images.json [9ms]
2025-02-23 18:09:40.583 [info] > git ls-files --stage -- /home/leozhontai561/images.json [2ms]
2025-02-23 18:09:43.390 [info] > git config --get commit.template [8ms]
2025-02-23 18:09:43.392 [info] > git for-each-ref --format=%(refname)%00%(upstream:short)%00%(objectname)%00%(upstream:track)%00%(upstream:remotename)%00%(upstream:remoteref) refs/heads/main refs/remotes/main [3ms]
2025-02-23 18:09:43.412 [info] > git for-each-ref --sort -committerdate --format %(refname) %(objectname) %(*objectname) [3ms]
2025-02-23 18:09:43.427 [info] > git status -z -uall [27ms]
2025-02-23 18:09:48.151 [info] > git show --textconv :images.json [10ms]
2025-02-23 18:09:48.152 [info] > git ls-files --stage -- /home/leozhontai561/images.json [3ms]
2025-02-23 18:09:48.467 [info] > git config --get commit.template [9ms]
2025-02-23 18:09:48.468 [info] > git for-each-ref --format=%(refname)%00%(upstream:short)%00%(objectname)%00%(upstream:track)%00%(upstream:remotename)%00%(upstream:remoteref) refs/heads/main refs/remotes/main [2ms]
2025-02-23 18:09:48.487 [info] > git for-each-ref --sort -committerdate --format %(refname) %(objectname) %(*objectname) [3ms]
2025-02-23 18:09:48.504 [info] > git status -z -uall [28ms]
2025-02-23 18:09:51.011 [info] > git show --textconv :gemini.py [12ms]
2025-02-23 18:09:51.012 [info] > git ls-files --stage -- /home/leozhontai561/gemini.py [5ms]
2025-02-23 18:09:53.547 [info] > git config --get commit.template [8ms]
2025-02-23 18:09:53.549 [info] > git for-each-ref --format=%(refname)%00%(upstream:short)%00%(objectname)%00%(upstream:track)%00%(upstream:remotename)%00%(upstream:remoteref) refs/heads/main refs/remotes/main [3ms]
2025-02-23 18:09:53.569 [info] > git for-each-ref --sort -committerdate --format %(refname) %(objectname) %(*objectname) [3ms]
2025-02-23 18:09:53.584 [info] > git status -z -uall [27ms]
2025-02-23 18:09:58.621 [info] > git config --get commit.template [9ms]
2025-02-23 18:09:58.622 [info] > git for-each-ref --format=%(refname)%00%(upstream:short)%00%(objectname)%00%(upstream:track)%00%(upstream:remotename)%00%(upstream:remoteref) refs/heads/main refs/remotes/main [2ms]
2025-02-23 18:09:58.643 [info] > git for-each-ref --sort -committerdate --format %(refname) %(objectname) %(*objectname) [4ms]
2025-02-23 18:09:58.660 [info] > git status -z -uall [30ms]
2025-02-23 18:10:03.701 [info] > git config --get commit.template [7ms]
2025-02-23 18:10:03.703 [info] > git for-each-ref --format=%(refname)%00%(upstream:short)%00%(objectname)%00%(upstream:track)%00%(upstream:remotename)%00%(upstream:remoteref) refs/heads/main refs/remotes/main [1ms]
2025-02-23 18:10:03.720 [info] > git for-each-ref --sort -committerdate --format %(refname) %(objectname) %(*objectname) [3ms]
2025-02-23 18:10:03.736 [info] > git status -z -uall [26ms]
2025-02-23 18:10:08.773 [info] > git config --get commit.template [8ms]
2025-02-23 18:10:08.774 [info] > git for-each-ref --format=%(refname)%00%(upstream:short)%00%(objectname)%00%(upstream:track)%00%(upstream:remotename)%00%(upstream:remoteref) refs/heads/main refs/remotes/main [2ms]
2025-02-23 18:10:08.792 [info] > git for-each-ref --sort -committerdate --format %(refname) %(objectname) %(*objectname) [2ms]
2025-02-23 18:10:08.810 [info] > git status -z -uall [27ms]
2025-02-23 18:10:16.271 [info] > git config --get commit.template [8ms]
2025-02-23 18:10:16.272 [info] > git for-each-ref --format=%(refname)%00%(upstream:short)%00%(objectname)%00%(upstream:track)%00%(upstream:remotename)%00%(upstream:remoteref) refs/heads/main refs/remotes/main [2ms]
2025-02-23 18:10:16.292 [info] > git for-each-ref --sort -committerdate --format %(refname) %(objectname) %(*objectname) [3ms]
2025-02-23 18:10:16.308 [info] > git status -z -uall [28ms]
2025-02-23 18:10:21.344 [info] > git config --get commit.template [9ms]
2025-02-23 18:10:21.345 [info] > git for-each-ref --format=%(refname)%00%(upstream:short)%00%(objectname)%00%(upstream:track)%00%(upstream:remotename)%00%(upstream:remoteref) refs/heads/main refs/remotes/main [2ms]
2025-02-23 18:10:21.364 [info] > git for-each-ref --sort -committerdate --format %(refname) %(objectname) %(*objectname) [2ms]
2025-02-23 18:10:21.380 [info] > git status -z -uall [27ms]
2025-02-23 18:10:21.963 [info] > git show --textconv :main.py [9ms]
2025-02-23 18:10:21.964 [info] > git ls-files --stage -- /home/leozhontai561/main.py [3ms]
2025-02-23 18:10:21.972 [info] > git cat-file -s 0ee1ad4bfad1042c21892e20a4f3008d9fd87f93 [2ms]
2025-02-23 18:35:01.720 [info] > git for-each-ref --format=%(refname)%00%(upstream:short)%00%(objectname)%00%(upstream:track)%00%(upstream:remotename)%00%(upstream:remoteref) refs/heads/main refs/remotes/main [2ms]
2025-02-23 18:35:01.721 [info] > git config --get commit.template [12ms]
2025-02-23 18:35:01.741 [info] > git for-each-ref --sort -committerdate --format %(refname) %(objectname) %(*objectname) [2ms]
2025-02-23 18:35:01.758 [info] > git status -z -uall [29ms]
2025-02-23 18:35:30.001 [info] > git config --get commit.template [3ms]
2025-02-23 18:35:30.010 [info] > git for-each-ref --format=%(refname)%00%(upstream:short)%00%(objectname)%00%(upstream:track)%00%(upstream:remotename)%00%(upstream:remoteref) refs/heads/main refs/remotes/main [2ms]
2025-02-23 18:35:30.030 [info] > git for-each-ref --sort -committerdate --format %(refname) %(objectname) %(*objectname) [3ms]
2025-02-23 18:35:30.046 [info] > git status -z -uall [28ms]
2025-02-23 18:35:35.094 [info] > git config --get commit.template [9ms]
2025-02-23 18:35:35.095 [info] > git for-each-ref --format=%(refname)%00%(upstream:short)%00%(objectname)%00%(upstream:track)%00%(upstream:remotename)%00%(upstream:remoteref) refs/heads/main refs/remotes/main [2ms]
2025-02-23 18:35:35.115 [info] > git for-each-ref --sort -committerdate --format %(refname) %(objectname) %(*objectname) [4ms]
2025-02-23 18:35:35.131 [info] > git status -z -uall [28ms]
2025-02-23 18:35:40.170 [info] > git config --get commit.template [8ms]
2025-02-23 18:35:40.172 [info] > git for-each-ref --format=%(refname)%00%(upstream:short)%00%(objectname)%00%(upstream:track)%00%(upstream:remotename)%00%(upstream:remoteref) refs/heads/main refs/remotes/main [3ms]
2025-02-23 18:35:40.192 [info] > git for-each-ref --sort -committerdate --format %(refname) %(objectname) %(*objectname) [2ms]
2025-02-23 18:35:40.208 [info] > git status -z -uall [27ms]
2025-02-23 18:35:45.244 [info] > git config --get commit.template [8ms]
2025-02-23 18:35:45.245 [info] > git for-each-ref --format=%(refname)%00%(upstream:short)%00%(objectname)%00%(upstream:track)%00%(upstream:remotename)%00%(upstream:remoteref) refs/heads/main refs/remotes/main [2ms]
2025-02-23 18:35:45.262 [info] > git for-each-ref --sort -committerdate --format %(refname) %(objectname) %(*objectname) [2ms]
2025-02-23 18:35:45.278 [info] > git status -z -uall [26ms]
2025-02-23 18:35:50.317 [info] > git config --get commit.template [8ms]
2025-02-23 18:35:50.318 [info] > git for-each-ref --format=%(refname)%00%(upstream:short)%00%(objectname)%00%(upstream:track)%00%(upstream:remotename)%00%(upstream:remoteref) refs/heads/main refs/remotes/main [2ms]
2025-02-23 18:35:50.339 [info] > git for-each-ref --sort -committerdate --format %(refname) %(objectname) %(*objectname) [4ms]
2025-02-23 18:35:50.353 [info] > git status -z -uall [26ms]
2025-02-23 18:36:04.725 [info] > git config --get commit.template [8ms]
2025-02-23 18:36:04.727 [info] > git for-each-ref --format=%(refname)%00%(upstream:short)%00%(objectname)%00%(upstream:track)%00%(upstream:remotename)%00%(upstream:remoteref) refs/heads/main refs/remotes/main [3ms]
2025-02-23 18:36:04.746 [info] > git for-each-ref --sort -committerdate --format %(refname) %(objectname) %(*objectname) [2ms]
2025-02-23 18:36:04.762 [info] > git status -z -uall [27ms]
2025-02-23 18:36:52.168 [info] > git config --get commit.template [2ms]
2025-02-23 18:36:52.178 [info] > git for-each-ref --format=%(refname)%00%(upstream:short)%00%(objectname)%00%(upstream:track)%00%(upstream:remotename)%00%(upstream:remoteref) refs/heads/main refs/remotes/main [2ms]
2025-02-23 18:36:52.197 [info] > git for-each-ref --sort -committerdate --format %(refname) %(objectname) %(*objectname) [2ms]
2025-02-23 18:36:52.214 [info] > git status -z -uall [28ms]
2025-02-23 18:36:57.265 [info] > git config --get commit.template [8ms]
2025-02-23 18:36:57.266 [info] > git for-each-ref --format=%(refname)%00%(upstream:short)%00%(objectname)%00%(upstream:track)%00%(upstream:remotename)%00%(upstream:remoteref) refs/heads/main refs/remotes/main [2ms]
2025-02-23 18:36:57.285 [info] > git for-each-ref --sort -committerdate --format %(refname) %(objectname) %(*objectname) [2ms]
2025-02-23 18:36:57.302 [info] > git status -z -uall [28ms]
2025-02-23 18:36:59.824 [info] > git show --textconv :images.json [9ms]
2025-02-23 18:36:59.826 [info] > git ls-files --stage -- /home/leozhontai561/images.json [3ms]
2025-02-23 18:37:02.343 [info] > git config --get commit.template [8ms]
2025-02-23 18:37:02.345 [info] > git for-each-ref --format=%(refname)%00%(upstream:short)%00%(objectname)%00%(upstream:track)%00%(upstream:remotename)%00%(upstream:remoteref) refs/heads/main refs/remotes/main [3ms]
2025-02-23 18:37:02.364 [info] > git for-each-ref --sort -committerdate --format %(refname) %(objectname) %(*objectname) [3ms]
2025-02-23 18:37:02.382 [info] > git status -z -uall [29ms]
2025-02-23 18:37:07.139 [info] > git show --textconv :main.py [9ms]
2025-02-23 18:37:07.141 [info] > git ls-files --stage -- /home/leozhontai561/main.py [3ms]
2025-02-23 18:37:07.150 [info] > git cat-file -s 0ee1ad4bfad1042c21892e20a4f3008d9fd87f93 [2ms]
2025-02-23 18:37:07.420 [info] > git config --get commit.template [8ms]
2025-02-23 18:37:07.421 [info] > git for-each-ref --format=%(refname)%00%(upstream:short)%00%(objectname)%00%(upstream:track)%00%(upstream:remotename)%00%(upstream:remoteref) refs/heads/main refs/remotes/main [3ms]
2025-02-23 18:37:07.440 [info] > git for-each-ref --sort -committerdate --format %(refname) %(objectname) %(*objectname) [2ms]
2025-02-23 18:37:07.455 [info] > git status -z -uall [26ms]
2025-02-23 18:37:08.160 [info] > git show --textconv :images.json [9ms]
2025-02-23 18:37:08.162 [info] > git ls-files --stage -- /home/leozhontai561/images.json [4ms]
2025-02-23 18:37:12.489 [info] > git config --get commit.template [3ms]
2025-02-23 18:37:12.498 [info] > git for-each-ref --format=%(refname)%00%(upstream:short)%00%(objectname)%00%(upstream:track)%00%(upstream:remotename)%00%(upstream:remoteref) refs/heads/main refs/remotes/main [2ms]
2025-02-23 18:37:12.517 [info] > git for-each-ref --sort -committerdate --format %(refname) %(objectname) %(*objectname) [2ms]
2025-02-23 18:37:12.537 [info] > git status -z -uall [31ms]
2025-02-23 18:37:17.573 [info] > git config --get commit.template [9ms]
2025-02-23 18:37:17.574 [info] > git for-each-ref --format=%(refname)%00%(upstream:short)%00%(objectname)%00%(upstream:track)%00%(upstream:remotename)%00%(upstream:remoteref) refs/heads/main refs/remotes/main [2ms]
2025-02-23 18:37:17.593 [info] > git for-each-ref --sort -committerdate --format %(refname) %(objectname) %(*objectname) [2ms]
2025-02-23 18:37:17.610 [info] > git status -z -uall [28ms]
2025-02-23 18:37:18.921 [info] > git show --textconv :gemini.py [9ms]
2025-02-23 18:37:18.923 [info] > git ls-files --stage -- /home/leozhontai561/gemini.py [3ms]
2025-02-23 18:37:22.654 [info] > git config --get commit.template [5ms]
2025-02-23 18:37:22.664 [info] > git for-each-ref --format=%(refname)%00%(upstream:short)%00%(objectname)%00%(upstream:track)%00%(upstream:remotename)%00%(upstream:remoteref) refs/heads/main refs/remotes/main [2ms]
2025-02-23 18:37:22.681 [info] > git for-each-ref --sort -committerdate --format %(refname) %(objectname) %(*objectname) [2ms]
2025-02-23 18:37:22.698 [info] > git status -z -uall [27ms]
2025-02-23 18:37:23.033 [info] > git show --textconv :main.py [9ms]
2025-02-23 18:37:23.035 [info] > git ls-files --stage -- /home/leozhontai561/main.py [3ms]
2025-02-23 18:37:23.044 [info] > git cat-file -s 0ee1ad4bfad1042c21892e20a4f3008d9fd87f93 [2ms]
2025-02-23 18:37:25.790 [info] > git show --textconv :main.py [8ms]
2025-02-23 18:37:25.791 [info] > git ls-files --stage -- /home/leozhontai561/main.py [3ms]
2025-02-23 18:37:25.800 [info] > git cat-file -s 0ee1ad4bfad1042c21892e20a4f3008d9fd87f93 [2ms]
2025-02-23 18:37:27.732 [info] > git show --textconv :images.json [19ms]
2025-02-23 18:37:27.734 [info] > git config --get commit.template [3ms]
2025-02-23 18:37:27.735 [info] > git ls-files --stage -- /home/leozhontai561/images.json [15ms]
2025-02-23 18:37:27.745 [info] > git for-each-ref --format=%(refname)%00%(upstream:short)%00%(objectname)%00%(upstream:track)%00%(upstream:remotename)%00%(upstream:remoteref) refs/heads/main refs/remotes/main [2ms]
2025-02-23 18:37:27.766 [info] > git for-each-ref --sort -committerdate --format %(refname) %(objectname) %(*objectname) [5ms]
2025-02-23 18:37:27.782 [info] > git status -z -uall [30ms]
2025-02-23 18:37:32.816 [info] > git config --get commit.template [8ms]
2025-02-23 18:37:32.818 [info] > git for-each-ref --format=%(refname)%00%(upstream:short)%00%(objectname)%00%(upstream:track)%00%(upstream:remotename)%00%(upstream:remoteref) refs/heads/main refs/remotes/main [3ms]
2025-02-23 18:37:32.836 [info] > git for-each-ref --sort -committerdate --format %(refname) %(objectname) %(*objectname) [3ms]
2025-02-23 18:37:32.856 [info] > git status -z -uall [31ms]
2025-02-23 18:37:37.891 [info] > git config --get commit.template [9ms]
2025-02-23 18:37:37.893 [info] > git for-each-ref --format=%(refname)%00%(upstream:short)%00%(objectname)%00%(upstream:track)%00%(upstream:remotename)%00%(upstream:remoteref) refs/heads/main refs/remotes/main [2ms]
2025-02-23 18:37:37.912 [info] > git for-each-ref --sort -committerdate --format %(refname) %(objectname) %(*objectname) [2ms]
2025-02-23 18:37:37.928 [info] > git status -z -uall [27ms]
2025-02-23 18:39:31.624 [info] > git config --get commit.template [8ms]
2025-02-23 18:39:31.626 [info] > git for-each-ref --format=%(refname)%00%(upstream:short)%00%(objectname)%00%(upstream:track)%00%(upstream:remotename)%00%(upstream:remoteref) refs/heads/main refs/remotes/main [2ms]
2025-02-23 18:39:31.644 [info] > git for-each-ref --sort -committerdate --format %(refname) %(objectname) %(*objectname) [2ms]
2025-02-23 18:39:31.661 [info] > git status -z -uall [27ms]
2025-02-23 18:39:35.241 [info] > git show --textconv :gemini.py [9ms]
2025-02-23 18:39:35.242 [info] > git ls-files --stage -- /home/leozhontai561/gemini.py [3ms]
2025-02-23 18:39:36.696 [info] > git config --get commit.template [8ms]
2025-02-23 18:39:36.697 [info] > git for-each-ref --format=%(refname)%00%(upstream:short)%00%(objectname)%00%(upstream:track)%00%(upstream:remotename)%00%(upstream:remoteref) refs/heads/main refs/remotes/main [2ms]
2025-02-23 18:39:36.717 [info] > git for-each-ref --sort -committerdate --format %(refname) %(objectname) %(*objectname) [3ms]
2025-02-23 18:39:36.732 [info] > git status -z -uall [27ms]
2025-02-23 18:39:41.773 [info] > git config --get commit.template [7ms]
2025-02-23 18:39:41.775 [info] > git for-each-ref --format=%(refname)%00%(upstream:short)%00%(objectname)%00%(upstream:track)%00%(upstream:remotename)%00%(upstream:remoteref) refs/heads/main refs/remotes/main [3ms]
2025-02-23 18:39:41.794 [info] > git for-each-ref --sort -committerdate --format %(refname) %(objectname) %(*objectname) [2ms]
2025-02-23 18:39:41.810 [info] > git status -z -uall [27ms]
2025-02-23 18:39:43.787 [info] > git show --textconv :images.json [9ms]
2025-02-23 18:39:43.789 [info] > git ls-files --stage -- /home/leozhontai561/images.json [4ms]
2025-02-23 18:39:45.083 [info] > git show --textconv :main.py [9ms]
2025-02-23 18:39:45.085 [info] > git ls-files --stage -- /home/leozhontai561/main.py [2ms]
2025-02-23 18:39:45.094 [info] > git cat-file -s 0ee1ad4bfad1042c21892e20a4f3008d9fd87f93 [1ms]
2025-02-23 18:39:46.847 [info] > git config --get commit.template [8ms]
2025-02-23 18:39:46.848 [info] > git for-each-ref --format=%(refname)%00%(upstream:short)%00%(objectname)%00%(upstream:track)%00%(upstream:remotename)%00%(upstream:remoteref) refs/heads/main refs/remotes/main [2ms]
2025-02-23 18:39:46.870 [info] > git for-each-ref --sort -committerdate --format %(refname) %(objectname) %(*objectname) [2ms]
2025-02-23 18:39:46.886 [info] > git status -z -uall [29ms]
2025-02-23 18:39:51.923 [info] > git config --get commit.template [8ms]
2025-02-23 18:39:51.924 [info] > git for-each-ref --format=%(refname)%00%(upstream:short)%00%(objectname)%00%(upstream:track)%00%(upstream:remotename)%00%(upstream:remoteref) refs/heads/main refs/remotes/main [2ms]
2025-02-23 18:39:51.944 [info] > git for-each-ref --sort -committerdate --format %(refname) %(objectname) %(*objectname) [3ms]
2025-02-23 18:39:51.967 [info] > git status -z -uall [35ms]
2025-02-23 18:39:57.017 [info] > git config --get commit.template [9ms]
2025-02-23 18:39:57.018 [info] > git for-each-ref --format=%(refname)%00%(upstream:short)%00%(objectname)%00%(upstream:track)%00%(upstream:remotename)%00%(upstream:remoteref) refs/heads/main refs/remotes/main [2ms]
2025-02-23 18:39:57.037 [info] > git for-each-ref --sort -committerdate --format %(refname) %(objectname) %(*objectname) [2ms]
2025-02-23 18:39:57.053 [info] > git status -z -uall [26ms]
2025-02-23 18:39:58.268 [info] > git show --textconv :images.json [9ms]
2025-02-23 18:39:58.269 [info] > git ls-files --stage -- /home/leozhontai561/images.json [3ms]
2025-02-23 18:40:01.963 [info] > git show --textconv :main.py [8ms]
2025-02-23 18:40:01.965 [info] > git ls-files --stage -- /home/leozhontai561/main.py [2ms]
2025-02-23 18:40:01.975 [info] > git cat-file -s 0ee1ad4bfad1042c21892e20a4f3008d9fd87f93 [2ms]
2025-02-23 18:40:02.083 [info] > git config --get commit.template [4ms]
2025-02-23 18:40:02.093 [info] > git for-each-ref --format=%(refname)%00%(upstream:short)%00%(objectname)%00%(upstream:track)%00%(upstream:remotename)%00%(upstream:remoteref) refs/heads/main refs/remotes/main [1ms]
2025-02-23 18:40:02.114 [info] > git for-each-ref --sort -committerdate --format %(refname) %(objectname) %(*objectname) [3ms]
2025-02-23 18:40:02.132 [info] > git status -z -uall [29ms]
2025-02-23 18:40:16.315 [info] > git config --get commit.template [8ms]
2025-02-23 18:40:16.317 [info] > git for-each-ref --format=%(refname)%00%(upstream:short)%00%(objectname)%00%(upstream:track)%00%(upstream:remotename)%00%(upstream:remoteref) refs/heads/main refs/remotes/main [3ms]
2025-02-23 18:40:16.336 [info] > git for-each-ref --sort -committerdate --format %(refname) %(objectname) %(*objectname) [3ms]
2025-02-23 18:40:16.352 [info] > git status -z -uall [27ms]
2025-02-23 18:40:21.387 [info] > git config --get commit.template [8ms]
2025-02-23 18:40:21.388 [info] > git for-each-ref --format=%(refname)%00%(upstream:short)%00%(objectname)%00%(upstream:track)%00%(upstream:remotename)%00%(upstream:remoteref) refs/heads/main refs/remotes/main [2ms]
2025-02-23 18:40:21.407 [info] > git for-each-ref --sort -committerdate --format %(refname) %(objectname) %(*objectname) [2ms]
2025-02-23 18:40:21.422 [info] > git status -z -uall [26ms]
2025-02-23 18:42:23.410 [info] > git config --get commit.template [8ms]
2025-02-23 18:42:23.411 [info] > git for-each-ref --format=%(refname)%00%(upstream:short)%00%(objectname)%00%(upstream:track)%00%(upstream:remotename)%00%(upstream:remoteref) refs/heads/main refs/remotes/main [2ms]
2025-02-23 18:42:23.430 [info] > git for-each-ref --sort -committerdate --format %(refname) %(objectname) %(*objectname) [3ms]
2025-02-23 18:42:23.448 [info] > git status -z -uall [29ms]
2025-02-23 18:42:28.493 [info] > git config --get commit.template [9ms]
2025-02-23 18:42:28.494 [info] > git for-each-ref --format=%(refname)%00%(upstream:short)%00%(objectname)%00%(upstream:track)%00%(upstream:remotename)%00%(upstream:remoteref) refs/heads/main refs/remotes/main [2ms]
2025-02-23 18:42:28.515 [info] > git for-each-ref --sort -committerdate --format %(refname) %(objectname) %(*objectname) [2ms]
2025-02-23 18:42:28.532 [info] > git status -z -uall [30ms]
2025-02-23 18:42:32.066 [info] > git show --textconv :images.json [9ms]
2025-02-23 18:42:32.068 [info] > git ls-files --stage -- /home/leozhontai561/images.json [3ms]
2025-02-23 18:42:33.573 [info] > git config --get commit.template [8ms]
2025-02-23 18:42:33.574 [info] > git for-each-ref --format=%(refname)%00%(upstream:short)%00%(objectname)%00%(upstream:track)%00%(upstream:remotename)%00%(upstream:remoteref) refs/heads/main refs/remotes/main [2ms]
2025-02-23 18:42:33.594 [info] > git for-each-ref --sort -committerdate --format %(refname) %(objectname) %(*objectname) [2ms]
2025-02-23 18:42:33.613 [info] > git status -z -uall [30ms]
2025-02-23 18:42:33.887 [info] > git show --textconv :main.py [12ms]
2025-02-23 18:42:33.887 [info] > git ls-files --stage -- /home/leozhontai561/main.py [4ms]
2025-02-23 18:42:33.898 [info] > git cat-file -s 0ee1ad4bfad1042c21892e20a4f3008d9fd87f93 [2ms]
2025-02-23 18:42:36.643 [info] > git check-ignore -v -z --stdin [3ms]
2025-02-23 18:42:38.650 [info] > git config --get commit.template [8ms]
2025-02-23 18:42:38.651 [info] > git for-each-ref --format=%(refname)%00%(upstream:short)%00%(objectname)%00%(upstream:track)%00%(upstream:remotename)%00%(upstream:remoteref) refs/heads/main refs/remotes/main [2ms]
2025-02-23 18:42:38.670 [info] > git for-each-ref --sort -committerdate --format %(refname) %(objectname) %(*objectname) [2ms]
2025-02-23 18:42:38.686 [info] > git status -z -uall [26ms]
2025-02-23 18:42:43.723 [info] > git config --get commit.template [9ms]
2025-02-23 18:42:43.724 [info] > git for-each-ref --format=%(refname)%00%(upstream:short)%00%(objectname)%00%(upstream:track)%00%(upstream:remotename)%00%(upstream:remoteref) refs/heads/main refs/remotes/main [2ms]
2025-02-23 18:42:43.743 [info] > git for-each-ref --sort -committerdate --format %(refname) %(objectname) %(*objectname) [2ms]
2025-02-23 18:42:43.759 [info] > git status -z -uall [26ms]
2025-02-23 18:42:48.796 [info] > git config --get commit.template [8ms]
2025-02-23 18:42:48.797 [info] > git for-each-ref --format=%(refname)%00%(upstream:short)%00%(objectname)%00%(upstream:track)%00%(upstream:remotename)%00%(upstream:remoteref) refs/heads/main refs/remotes/main [2ms]
2025-02-23 18:42:48.818 [info] > git for-each-ref --sort -committerdate --format %(refname) %(objectname) %(*objectname) [3ms]
2025-02-23 18:42:48.834 [info] > git status -z -uall [28ms]
2025-02-23 18:42:52.617 [info] > git show --textconv :gemini.py [8ms]
2025-02-23 18:42:52.618 [info] > git ls-files --stage -- /home/leozhontai561/gemini.py [3ms]
2025-02-23 18:42:53.872 [info] > git config --get commit.template [9ms]
2025-02-23 18:42:53.873 [info] > git for-each-ref --format=%(refname)%00%(upstream:short)%00%(objectname)%00%(upstream:track)%00%(upstream:remotename)%00%(upstream:remoteref) refs/heads/main refs/remotes/main [2ms]
2025-02-23 18:42:53.892 [info] > git for-each-ref --sort -committerdate --format %(refname) %(objectname) %(*objectname) [2ms]
2025-02-23 18:42:53.909 [info] > git status -z -uall [28ms]
2025-02-23 18:42:54.178 [info] > git show --textconv :main.py [9ms]
2025-02-23 18:42:54.179 [info] > git ls-files --stage -- /home/leozhontai561/main.py [4ms]
2025-02-23 18:42:54.189 [info] > git cat-file -s 0ee1ad4bfad1042c21892e20a4f3008d9fd87f93 [2ms]
2025-02-23 18:42:57.456 [info] > git show --textconv :main.py [8ms]
2025-02-23 18:42:57.458 [info] > git ls-files --stage -- /home/leozhontai561/main.py [2ms]
2025-02-23 18:42:57.467 [info] > git cat-file -s 0ee1ad4bfad1042c21892e20a4f3008d9fd87f93 [2ms]
2025-02-23 18:42:58.460 [info] > git show --textconv :gemini.py [8ms]
2025-02-23 18:42:58.461 [info] > git ls-files --stage -- /home/leozhontai561/gemini.py [2ms]
2025-02-23 18:42:58.945 [info] > git config --get commit.template [8ms]
2025-02-23 18:42:58.947 [info] > git for-each-ref --format=%(refname)%00%(upstream:short)%00%(objectname)%00%(upstream:track)%00%(upstream:remotename)%00%(upstream:remoteref) refs/heads/main refs/remotes/main [2ms]
2025-02-23 18:42:58.967 [info] > git for-each-ref --sort -committerdate --format %(refname) %(objectname) %(*objectname) [2ms]
2025-02-23 18:42:58.982 [info] > git status -z -uall [27ms]
2025-02-23 18:42:59.821 [info] > git show --textconv :main.py [8ms]
2025-02-23 18:42:59.823 [info] > git ls-files --stage -- /home/leozhontai561/main.py [3ms]
2025-02-23 18:42:59.833 [info] > git cat-file -s 0ee1ad4bfad1042c21892e20a4f3008d9fd87f93 [2ms]
2025-02-23 18:43:00.828 [info] > git show --textconv :gemini.py [9ms]
2025-02-23 18:43:00.829 [info] > git ls-files --stage -- /home/leozhontai561/gemini.py [3ms]
2025-02-23 18:45:07.400 [info] > git config --get commit.template [8ms]
2025-02-23 18:45:07.401 [info] > git for-each-ref --format=%(refname)%00%(upstream:short)%00%(objectname)%00%(upstream:track)%00%(upstream:remotename)%00%(upstream:remoteref) refs/heads/main refs/remotes/main [2ms]
2025-02-23 18:45:07.420 [info] > git for-each-ref --sort -committerdate --format %(refname) %(objectname) %(*objectname) [3ms]
2025-02-23 18:45:07.439 [info] > git status -z -uall [31ms]
2025-02-23 18:50:27.881 [info] > git for-each-ref --format=%(refname)%00%(upstream:short)%00%(objectname)%00%(upstream:track)%00%(upstream:remotename)%00%(upstream:remoteref) refs/heads/main refs/remotes/main [3ms]
2025-02-23 18:50:27.881 [info] > git config --get commit.template [11ms]
2025-02-23 18:50:27.900 [info] > git for-each-ref --sort -committerdate --format %(refname) %(objectname) %(*objectname) [2ms]
2025-02-23 18:50:27.917 [info] > git status -z -uall [28ms]
2025-02-23 18:51:43.706 [info] > git config --get commit.template [8ms]
2025-02-23 18:51:43.707 [info] > git for-each-ref --format=%(refname)%00%(upstream:short)%00%(objectname)%00%(upstream:track)%00%(upstream:remotename)%00%(upstream:remoteref) refs/heads/main refs/remotes/main [2ms]
2025-02-23 18:51:43.726 [info] > git for-each-ref --sort -committerdate --format %(refname) %(objectname) %(*objectname) [3ms]
2025-02-23 18:51:43.744 [info] > git status -z -uall [29ms]
2025-02-23 18:53:11.717 [info] > git config --get commit.template [10ms]
2025-02-23 18:53:11.717 [info] > git for-each-ref --format=%(refname)%00%(upstream:short)%00%(objectname)%00%(upstream:track)%00%(upstream:remotename)%00%(upstream:remoteref) refs/heads/main refs/remotes/main [3ms]
2025-02-23 18:53:11.737 [info] > git for-each-ref --sort -committerdate --format %(refname) %(objectname) %(*objectname) [3ms]
2025-02-23 18:53:11.752 [info] > git status -z -uall [27ms]
2025-02-23 18:53:16.800 [info] > git config --get commit.template [8ms]
2025-02-23 18:53:16.801 [info] > git for-each-ref --format=%(refname)%00%(upstream:short)%00%(objectname)%00%(upstream:track)%00%(upstream:remotename)%00%(upstream:remoteref) refs/heads/main refs/remotes/main [2ms]
2025-02-23 18:53:16.821 [info] > git for-each-ref --sort -committerdate --format %(refname) %(objectname) %(*objectname) [3ms]
2025-02-23 18:53:16.836 [info] > git status -z -uall [27ms]
2025-02-23 18:53:21.875 [info] > git config --get commit.template [8ms]
2025-02-23 18:53:21.877 [info] > git for-each-ref --format=%(refname)%00%(upstream:short)%00%(objectname)%00%(upstream:track)%00%(upstream:remotename)%00%(upstream:remoteref) refs/heads/main refs/remotes/main [1ms]
2025-02-23 18:53:21.896 [info] > git for-each-ref --sort -committerdate --format %(refname) %(objectname) %(*objectname) [2ms]
2025-02-23 18:53:21.912 [info] > git status -z -uall [28ms]
2025-02-23 18:53:23.878 [info] > git show --textconv :main.py [8ms]
2025-02-23 18:53:23.880 [info] > git ls-files --stage -- /home/leozhontai561/main.py [3ms]
2025-02-23 18:53:23.889 [info] > git cat-file -s 0ee1ad4bfad1042c21892e20a4f3008d9fd87f93 [2ms]
2025-02-23 18:53:24.903 [info] > git show --textconv :gemini.py [8ms]
2025-02-23 18:53:24.905 [info] > git ls-files --stage -- /home/leozhontai561/gemini.py [3ms]
2025-02-23 18:56:12.556 [info] > git config --get commit.template [9ms]
2025-02-23 18:56:12.557 [info] > git for-each-ref --format=%(refname)%00%(upstream:short)%00%(objectname)%00%(upstream:track)%00%(upstream:remotename)%00%(upstream:remoteref) refs/heads/main refs/remotes/main [2ms]
2025-02-23 18:56:12.577 [info] > git for-each-ref --sort -committerdate --format %(refname) %(objectname) %(*objectname) [3ms]
2025-02-23 18:56:12.594 [info] > git status -z -uall [29ms]
2025-02-23 18:56:17.640 [info] > git config --get commit.template [9ms]
2025-02-23 18:56:17.641 [info] > git for-each-ref --format=%(refname)%00%(upstream:short)%00%(objectname)%00%(upstream:track)%00%(upstream:remotename)%00%(upstream:remoteref) refs/heads/main refs/remotes/main [2ms]
2025-02-23 18:56:17.664 [info] > git for-each-ref --sort -committerdate --format %(refname) %(objectname) %(*objectname) [3ms]
2025-02-23 18:56:17.682 [info] > git status -z -uall [32ms]
2025-02-23 18:56:21.001 [info] > git show --textconv :images.json [10ms]
2025-02-23 18:56:21.004 [info] > git ls-files --stage -- /home/leozhontai561/images.json [5ms]
2025-02-23 18:56:21.866 [info] > git show --textconv :main.py [9ms]
2025-02-23 18:56:21.868 [info] > git ls-files --stage -- /home/leozhontai561/main.py [2ms]
2025-02-23 18:56:21.877 [info] > git cat-file -s 0ee1ad4bfad1042c21892e20a4f3008d9fd87f93 [2ms]
2025-02-23 18:56:22.725 [info] > git config --get commit.template [8ms]
2025-02-23 18:56:22.727 [info] > git for-each-ref --format=%(refname)%00%(upstream:short)%00%(objectname)%00%(upstream:track)%00%(upstream:remotename)%00%(upstream:remoteref) refs/heads/main refs/remotes/main [2ms]
2025-02-23 18:56:22.746 [info] > git for-each-ref --sort -committerdate --format %(refname) %(objectname) %(*objectname) [2ms]
2025-02-23 18:56:22.762 [info] > git status -z -uall [27ms]
2025-02-23 18:56:27.800 [info] > git config --get commit.template [8ms]
2025-02-23 18:56:27.801 [info] > git for-each-ref --format=%(refname)%00%(upstream:short)%00%(objectname)%00%(upstream:track)%00%(upstream:remotename)%00%(upstream:remoteref) refs/heads/main refs/remotes/main [2ms]
2025-02-23 18:56:27.819 [info] > git for-each-ref --sort -committerdate --format %(refname) %(objectname) %(*objectname) [2ms]
2025-02-23 18:56:27.836 [info] > git status -z -uall [27ms]
2025-02-23 18:56:54.544 [info] > git config --get commit.template [8ms]
2025-02-23 18:56:54.545 [info] > git for-each-ref --format=%(refname)%00%(upstream:short)%00%(objectname)%00%(upstream:track)%00%(upstream:remotename)%00%(upstream:remoteref) refs/heads/main refs/remotes/main [2ms]
2025-02-23 18:56:54.564 [info] > git for-each-ref --sort -committerdate --format %(refname) %(objectname) %(*objectname) [2ms]
2025-02-23 18:56:54.581 [info] > git status -z -uall [28ms]
2025-02-23 18:56:59.617 [info] > git config --get commit.template [9ms]
2025-02-23 18:56:59.619 [info] > git for-each-ref --format=%(refname)%00%(upstream:short)%00%(objectname)%00%(upstream:track)%00%(upstream:remotename)%00%(upstream:remoteref) refs/heads/main refs/remotes/main [2ms]
2025-02-23 18:56:59.637 [info] > git for-each-ref --sort -committerdate --format %(refname) %(objectname) %(*objectname) [2ms]
2025-02-23 18:56:59.655 [info] > git status -z -uall [29ms]
2025-02-23 18:57:04.696 [info] > git config --get commit.template [9ms]
2025-02-23 18:57:04.697 [info] > git for-each-ref --format=%(refname)%00%(upstream:short)%00%(objectname)%00%(upstream:track)%00%(upstream:remotename)%00%(upstream:remoteref) refs/heads/main refs/remotes/main [2ms]
2025-02-23 18:57:04.716 [info] > git for-each-ref --sort -committerdate --format %(refname) %(objectname) %(*objectname) [2ms]
2025-02-23 18:57:04.734 [info] > git status -z -uall [28ms]
2025-02-23 18:57:18.608 [info] > git config --get commit.template [3ms]
2025-02-23 18:57:18.620 [info] > git for-each-ref --format=%(refname)%00%(upstream:short)%00%(objectname)%00%(upstream:track)%00%(upstream:remotename)%00%(upstream:remoteref) refs/heads/main refs/remotes/main [3ms]
2025-02-23 18:57:18.637 [info] > git for-each-ref --sort -committerdate --format %(refname) %(objectname) %(*objectname) [2ms]
2025-02-23 18:57:18.654 [info] > git status -z -uall [27ms]
2025-02-23 18:57:23.705 [info] > git config --get commit.template [8ms]
2025-02-23 18:57:23.706 [info] > git for-each-ref --format=%(refname)%00%(upstream:short)%00%(objectname)%00%(upstream:track)%00%(upstream:remotename)%00%(upstream:remoteref) refs/heads/main refs/remotes/main [2ms]
2025-02-23 18:57:23.725 [info] > git for-each-ref --sort -committerdate --format %(refname) %(objectname) %(*objectname) [2ms]
2025-02-23 18:57:23.741 [info] > git status -z -uall [27ms]
2025-02-23 18:57:28.785 [info] > git for-each-ref --format=%(refname)%00%(upstream:short)%00%(objectname)%00%(upstream:track)%00%(upstream:remotename)%00%(upstream:remoteref) refs/heads/main refs/remotes/main [2ms]
2025-02-23 18:57:28.785 [info] > git config --get commit.template [11ms]
2025-02-23 18:57:28.805 [info] > git for-each-ref --sort -committerdate --format %(refname) %(objectname) %(*objectname) [2ms]
2025-02-23 18:57:28.823 [info] > git status -z -uall [29ms]
2025-02-23 18:59:27.784 [info] > git config --get commit.template [8ms]
2025-02-23 18:59:27.785 [info] > git for-each-ref --format=%(refname)%00%(upstream:short)%00%(objectname)%00%(upstream:track)%00%(upstream:remotename)%00%(upstream:remoteref) refs/heads/main refs/remotes/main [2ms]
2025-02-23 18:59:27.805 [info] > git for-each-ref --sort -committerdate --format %(refname) %(objectname) %(*objectname) [3ms]
2025-02-23 18:59:27.826 [info] > git status -z -uall [33ms]
2025-02-23 18:59:29.816 [info] > git show --textconv :images.json [9ms]
2025-02-23 18:59:29.818 [info] > git ls-files --stage -- /home/leozhontai561/images.json [3ms]
2025-02-23 18:59:32.879 [info] > git config --get commit.template [8ms]
2025-02-23 18:59:32.881 [info] > git for-each-ref --format=%(refname)%00%(upstream:short)%00%(objectname)%00%(upstream:track)%00%(upstream:remotename)%00%(upstream:remoteref) refs/heads/main refs/remotes/main [2ms]
2025-02-23 18:59:32.899 [info] > git for-each-ref --sort -committerdate --format %(refname) %(objectname) %(*objectname) [2ms]
2025-02-23 18:59:32.918 [info] > git status -z -uall [29ms]
2025-02-23 18:59:37.977 [info] > git show --textconv :main.py [8ms]
2025-02-23 18:59:37.977 [info] > git config --get commit.template [24ms]
2025-02-23 18:59:37.979 [info] > git for-each-ref --format=%(refname)%00%(upstream:short)%00%(objectname)%00%(upstream:track)%00%(upstream:remotename)%00%(upstream:remoteref) refs/heads/main refs/remotes/main [16ms]
2025-02-23 18:59:37.980 [info] > git ls-files --stage -- /home/leozhontai561/main.py [4ms]
2025-02-23 18:59:38.006 [info] > git cat-file -s 0ee1ad4bfad1042c21892e20a4f3008d9fd87f93 [19ms]
2025-02-23 18:59:38.007 [info] > git for-each-ref --sort -committerdate --format %(refname) %(objectname) %(*objectname) [3ms]
2025-02-23 18:59:38.027 [info] > git status -z -uall [32ms]
2025-02-23 19:01:52.432 [info] > git config --get commit.template [9ms]
2025-02-23 19:01:52.433 [info] > git for-each-ref --format=%(refname)%00%(upstream:short)%00%(objectname)%00%(upstream:track)%00%(upstream:remotename)%00%(upstream:remoteref) refs/heads/main refs/remotes/main [2ms]
2025-02-23 19:01:52.453 [info] > git for-each-ref --sort -committerdate --format %(refname) %(objectname) %(*objectname) [3ms]
2025-02-23 19:01:52.470 [info] > git status -z -uall [29ms]
2025-02-23 19:01:54.115 [info] > git show --textconv :images.json [11ms]
2025-02-23 19:01:54.116 [info] > git ls-files --stage -- /home/leozhontai561/images.json [5ms]
2025-02-23 19:01:55.666 [info] > git show --textconv :gemini.py [10ms]
2025-02-23 19:01:55.667 [info] > git ls-files --stage -- /home/leozhontai561/gemini.py [2ms]
2025-02-23 19:01:56.716 [info] > git show --textconv :images.json [11ms]
2025-02-23 19:01:56.717 [info] > git ls-files --stage -- /home/leozhontai561/images.json [5ms]
2025-02-23 19:01:57.521 [info] > git config --get commit.template [9ms]
2025-02-23 19:01:57.522 [info] > git for-each-ref --format=%(refname)%00%(upstream:short)%00%(objectname)%00%(upstream:track)%00%(upstream:remotename)%00%(upstream:remoteref) refs/heads/main refs/remotes/main [2ms]
2025-02-23 19:01:57.541 [info] > git for-each-ref --sort -committerdate --format %(refname) %(objectname) %(*objectname) [2ms]
2025-02-23 19:01:57.558 [info] > git status -z -uall [28ms]
2025-02-23 19:02:02.597 [info] > git config --get commit.template [8ms]
2025-02-23 19:02:02.598 [info] > git for-each-ref --format=%(refname)%00%(upstream:short)%00%(objectname)%00%(upstream:track)%00%(upstream:remotename)%00%(upstream:remoteref) refs/heads/main refs/remotes/main [2ms]
2025-02-23 19:02:02.617 [info] > git for-each-ref --sort -committerdate --format %(refname) %(objectname) %(*objectname) [2ms]
2025-02-23 19:02:02.633 [info] > git status -z -uall [27ms]
2025-02-23 19:02:04.437 [info] > git show --textconv :images.json [9ms]
2025-02-23 19:02:04.439 [info] > git ls-files --stage -- /home/leozhontai561/images.json [3ms]
2025-02-23 19:03:49.547 [info] > git config --get commit.template [12ms]
2025-02-23 19:03:49.549 [info] > git for-each-ref --format=%(refname)%00%(upstream:short)%00%(objectname)%00%(upstream:track)%00%(upstream:remotename)%00%(upstream:remoteref) refs/heads/main refs/remotes/main [3ms]
2025-02-23 19:03:49.579 [info] > git for-each-ref --sort -committerdate --format %(refname) %(objectname) %(*objectname) [1ms]
2025-02-23 19:03:49.597 [info] > git status -z -uall [36ms]
2025-02-23 19:03:54.647 [info] > git config --get commit.template [8ms]
2025-02-23 19:03:54.648 [info] > git for-each-ref --format=%(refname)%00%(upstream:short)%00%(objectname)%00%(upstream:track)%00%(upstream:remotename)%00%(upstream:remoteref) refs/heads/main refs/remotes/main [2ms]
2025-02-23 19:03:54.682 [info] > git show --textconv :gemini.py [9ms]
2025-02-23 19:03:54.683 [info] > git for-each-ref --sort -committerdate --format %(refname) %(objectname) %(*objectname) [19ms]
2025-02-23 19:03:54.685 [info] > git status -z -uall [28ms]
2025-02-23 19:03:54.685 [info] > git ls-files --stage -- /home/leozhontai561/gemini.py [4ms]
2025-02-23 19:03:58.952 [info] > git show --textconv :main.py [9ms]
2025-02-23 19:03:58.954 [info] > git ls-files --stage -- /home/leozhontai561/main.py [3ms]
2025-02-23 19:03:58.963 [info] > git cat-file -s 0ee1ad4bfad1042c21892e20a4f3008d9fd87f93 [2ms]
2025-02-23 19:03:59.725 [info] > git config --get commit.template [8ms]
2025-02-23 19:03:59.727 [info] > git for-each-ref --format=%(refname)%00%(upstream:short)%00%(objectname)%00%(upstream:track)%00%(upstream:remotename)%00%(upstream:remoteref) refs/heads/main refs/remotes/main [3ms]
2025-02-23 19:03:59.745 [info] > git for-each-ref --sort -committerdate --format %(refname) %(objectname) %(*objectname) [2ms]
2025-02-23 19:03:59.761 [info] > git status -z -uall [27ms]
2025-02-23 19:04:00.123 [info] > git show --textconv :images.json [9ms]
2025-02-23 19:04:00.124 [info] > git ls-files --stage -- /home/leozhontai561/images.json [3ms]
2025-02-23 19:04:03.632 [info] > git show --textconv :main.py [8ms]
2025-02-23 19:04:03.633 [info] > git ls-files --stage -- /home/leozhontai561/main.py [2ms]
2025-02-23 19:04:03.642 [info] > git cat-file -s 0ee1ad4bfad1042c21892e20a4f3008d9fd87f93 [2ms]
2025-02-23 19:04:04.800 [info] > git config --get commit.template [9ms]
2025-02-23 19:04:04.802 [info] > git for-each-ref --format=%(refname)%00%(upstream:short)%00%(objectname)%00%(upstream:track)%00%(upstream:remotename)%00%(upstream:remoteref) refs/heads/main refs/remotes/main [3ms]
2025-02-23 19:04:04.821 [info] > git for-each-ref --sort -committerdate --format %(refname) %(objectname) %(*objectname) [2ms]
2025-02-23 19:04:04.839 [info] > git status -z -uall [30ms]
2025-02-23 19:07:30.705 [info] > git config --get commit.template [2ms]
2025-02-23 19:07:30.716 [info] > git for-each-ref --format=%(refname)%00%(upstream:short)%00%(objectname)%00%(upstream:track)%00%(upstream:remotename)%00%(upstream:remoteref) refs/heads/main refs/remotes/main [3ms]
2025-02-23 19:07:30.736 [info] > git for-each-ref --sort -committerdate --format %(refname) %(objectname) %(*objectname) [2ms]
2025-02-23 19:07:30.752 [info] > git status -z -uall [28ms]
2025-02-23 19:07:32.640 [info] > git show --textconv :gemini.py [8ms]
2025-02-23 19:07:32.641 [info] > git ls-files --stage -- /home/leozhontai561/gemini.py [2ms]
2025-02-23 19:07:34.799 [info] > git show --textconv :images.json [8ms]
2025-02-23 19:07:34.800 [info] > git ls-files --stage -- /home/leozhontai561/images.json [3ms]
2025-02-23 19:07:35.807 [info] > git config --get commit.template [9ms]
2025-02-23 19:07:35.809 [info] > git for-each-ref --format=%(refname)%00%(upstream:short)%00%(objectname)%00%(upstream:track)%00%(upstream:remotename)%00%(upstream:remoteref) refs/heads/main refs/remotes/main [3ms]
2025-02-23 19:07:35.827 [info] > git for-each-ref --sort -committerdate --format %(refname) %(objectname) %(*objectname) [2ms]
2025-02-23 19:07:35.844 [info] > git status -z -uall [27ms]
2025-02-23 19:07:40.885 [info] > git config --get commit.template [10ms]
2025-02-23 19:07:40.887 [info] > git for-each-ref --format=%(refname)%00%(upstream:short)%00%(objectname)%00%(upstream:track)%00%(upstream:remotename)%00%(upstream:remoteref) refs/heads/main refs/remotes/main [2ms]
2025-02-23 19:07:40.905 [info] > git for-each-ref --sort -committerdate --format %(refname) %(objectname) %(*objectname) [3ms]
2025-02-23 19:07:40.922 [info] > git status -z -uall [27ms]
2025-02-23 19:07:47.190 [info] > git config --get commit.template [8ms]
2025-02-23 19:07:47.191 [info] > git for-each-ref --format=%(refname)%00%(upstream:short)%00%(objectname)%00%(upstream:track)%00%(upstream:remotename)%00%(upstream:remoteref) refs/heads/main refs/remotes/main [2ms]
2025-02-23 19:07:47.209 [info] > git for-each-ref --sort -committerdate --format %(refname) %(objectname) %(*objectname) [2ms]
2025-02-23 19:07:47.226 [info] > git status -z -uall [27ms]
2025-02-23 19:08:08.179 [info] > git config --get commit.template [8ms]
2025-02-23 19:08:08.180 [info] > git for-each-ref --format=%(refname)%00%(upstream:short)%00%(objectname)%00%(upstream:track)%00%(upstream:remotename)%00%(upstream:remoteref) refs/heads/main refs/remotes/main [2ms]
2025-02-23 19:08:08.197 [info] > git for-each-ref --sort -committerdate --format %(refname) %(objectname) %(*objectname) [2ms]
2025-02-23 19:08:08.215 [info] > git status -z -uall [27ms]
2025-02-23 19:08:10.337 [info] > git show --textconv :gemini.py [8ms]
2025-02-23 19:08:10.339 [info] > git ls-files --stage -- /home/leozhontai561/gemini.py [3ms]
2025-02-23 19:08:13.247 [info] > git config --get commit.template [3ms]
2025-02-23 19:08:13.257 [info] > git for-each-ref --format=%(refname)%00%(upstream:short)%00%(objectname)%00%(upstream:track)%00%(upstream:remotename)%00%(upstream:remoteref) refs/heads/main refs/remotes/main [2ms]
2025-02-23 19:08:13.278 [info] > git for-each-ref --sort -committerdate --format %(refname) %(objectname) %(*objectname) [3ms]
2025-02-23 19:08:13.295 [info] > git status -z -uall [29ms]
2025-02-23 19:08:18.339 [info] > git config --get commit.template [9ms]
2025-02-23 19:08:18.341 [info] > git for-each-ref --format=%(refname)%00%(upstream:short)%00%(objectname)%00%(upstream:track)%00%(upstream:remotename)%00%(upstream:remoteref) refs/heads/main refs/remotes/main [2ms]
2025-02-23 19:08:18.360 [info] > git for-each-ref --sort -committerdate --format %(refname) %(objectname) %(*objectname) [2ms]
2025-02-23 19:08:18.376 [info] > git status -z -uall [27ms]
2025-02-23 19:08:19.314 [info] > git show --textconv :images.json [9ms]
2025-02-23 19:08:19.316 [info] > git ls-files --stage -- /home/leozhontai561/images.json [3ms]
2025-02-23 19:08:23.414 [info] > git config --get commit.template [9ms]
2025-02-23 19:08:23.416 [info] > git for-each-ref --format=%(refname)%00%(upstream:short)%00%(objectname)%00%(upstream:track)%00%(upstream:remotename)%00%(upstream:remoteref) refs/heads/main refs/remotes/main [3ms]
2025-02-23 19:08:23.437 [info] > git for-each-ref --sort -committerdate --format %(refname) %(objectname) %(*objectname) [3ms]
2025-02-23 19:08:23.455 [info] > git status -z -uall [30ms]
2025-02-23 19:08:28.489 [info] > git config --get commit.template [3ms]
2025-02-23 19:08:28.499 [info] > git for-each-ref --format=%(refname)%00%(upstream:short)%00%(objectname)%00%(upstream:track)%00%(upstream:remotename)%00%(upstream:remoteref) refs/heads/main refs/remotes/main [2ms]
2025-02-23 19:08:28.521 [info] > git for-each-ref --sort -committerdate --format %(refname) %(objectname) %(*objectname) [3ms]
2025-02-23 19:08:28.538 [info] > git status -z -uall [30ms]
2025-02-23 19:08:33.574 [info] > git config --get commit.template [8ms]
2025-02-23 19:08:33.576 [info] > git for-each-ref --format=%(refname)%00%(upstream:short)%00%(objectname)%00%(upstream:track)%00%(upstream:remotename)%00%(upstream:remoteref) refs/heads/main refs/remotes/main [2ms]
2025-02-23 19:08:33.595 [info] > git for-each-ref --sort -committerdate --format %(refname) %(objectname) %(*objectname) [3ms]
2025-02-23 19:08:33.610 [info] > git status -z -uall [26ms]
2025-02-23 19:08:36.267 [info] > git show --textconv :gemini.py [8ms]
2025-02-23 19:08:36.269 [info] > git ls-files --stage -- /home/leozhontai561/gemini.py [3ms]
2025-02-23 19:08:36.953 [info] > git show --textconv :images.json [8ms]
2025-02-23 19:08:36.954 [info] > git ls-files --stage -- /home/leozhontai561/images.json [3ms]
2025-02-23 19:08:38.647 [info] > git config --get commit.template [9ms]
2025-02-23 19:08:38.649 [info] > git for-each-ref --format=%(refname)%00%(upstream:short)%00%(objectname)%00%(upstream:track)%00%(upstream:remotename)%00%(upstream:remoteref) refs/heads/main refs/remotes/main [3ms]
2025-02-23 19:08:38.670 [info] > git for-each-ref --sort -committerdate --format %(refname) %(objectname) %(*objectname) [2ms]
2025-02-23 19:08:38.686 [info] > git status -z -uall [29ms]
2025-02-23 19:08:38.726 [info] > git show --textconv :gemini.py [9ms]
2025-02-23 19:08:38.728 [info] > git ls-files --stage -- /home/leozhontai561/gemini.py [3ms]
2025-02-23 19:08:40.539 [info] > git show --textconv :images.json [9ms]
2025-02-23 19:08:40.540 [info] > git ls-files --stage -- /home/leozhontai561/images.json [2ms]
2025-02-23 19:08:43.724 [info] > git config --get commit.template [8ms]
2025-02-23 19:08:43.725 [info] > git for-each-ref --format=%(refname)%00%(upstream:short)%00%(objectname)%00%(upstream:track)%00%(upstream:remotename)%00%(upstream:remoteref) refs/heads/main refs/remotes/main [2ms]
2025-02-23 19:08:43.747 [info] > git for-each-ref --sort -committerdate --format %(refname) %(objectname) %(*objectname) [3ms]
2025-02-23 19:08:43.765 [info] > git status -z -uall [30ms]
2025-02-23 19:08:48.658 [info] > git show --textconv :gemini.py [9ms]
2025-02-23 19:08:48.659 [info] > git ls-files --stage -- /home/leozhontai561/gemini.py [3ms]
2025-02-23 19:08:48.799 [info] > git config --get commit.template [8ms]
2025-02-23 19:08:48.801 [info] > git for-each-ref --format=%(refname)%00%(upstream:short)%00%(objectname)%00%(upstream:track)%00%(upstream:remotename)%00%(upstream:remoteref) refs/heads/main refs/remotes/main [2ms]
2025-02-23 19:08:48.819 [info] > git for-each-ref --sort -committerdate --format %(refname) %(objectname) %(*objectname) [2ms]
2025-02-23 19:08:48.835 [info] > git status -z -uall [27ms]
2025-02-23 19:08:53.867 [info] > git config --get commit.template [4ms]
2025-02-23 19:08:53.877 [info] > git for-each-ref --format=%(refname)%00%(upstream:short)%00%(objectname)%00%(upstream:track)%00%(upstream:remotename)%00%(upstream:remoteref) refs/heads/main refs/remotes/main [1ms]
2025-02-23 19:08:53.896 [info] > git for-each-ref --sort -committerdate --format %(refname) %(objectname) %(*objectname) [3ms]
2025-02-23 19:08:53.912 [info] > git status -z -uall [28ms]
2025-02-23 19:08:58.949 [info] > git config --get commit.template [9ms]
2025-02-23 19:08:58.950 [info] > git for-each-ref --format=%(refname)%00%(upstream:short)%00%(objectname)%00%(upstream:track)%00%(upstream:remotename)%00%(upstream:remoteref) refs/heads/main refs/remotes/main [2ms]
2025-02-23 19:08:58.970 [info] > git for-each-ref --sort -committerdate --format %(refname) %(objectname) %(*objectname) [2ms]
2025-02-23 19:08:58.987 [info] > git status -z -uall [28ms]
2025-02-23 19:09:04.035 [info] > git config --get commit.template [8ms]
2025-02-23 19:09:04.037 [info] > git for-each-ref --format=%(refname)%00%(upstream:short)%00%(objectname)%00%(upstream:track)%00%(upstream:remotename)%00%(upstream:remoteref) refs/heads/main refs/remotes/main [3ms]
2025-02-23 19:09:04.056 [info] > git for-each-ref --sort -committerdate --format %(refname) %(objectname) %(*objectname) [2ms]
2025-02-23 19:09:04.072 [info] > git status -z -uall [27ms]
2025-02-23 19:09:09.108 [info] > git config --get commit.template [8ms]
2025-02-23 19:09:09.109 [info] > git for-each-ref --format=%(refname)%00%(upstream:short)%00%(objectname)%00%(upstream:track)%00%(upstream:remotename)%00%(upstream:remoteref) refs/heads/main refs/remotes/main [2ms]
2025-02-23 19:09:09.128 [info] > git for-each-ref --sort -committerdate --format %(refname) %(objectname) %(*objectname) [2ms]
2025-02-23 19:09:09.144 [info] > git status -z -uall [27ms]
2025-02-23 19:09:15.499 [info] > git config --get commit.template [7ms]
2025-02-23 19:09:15.500 [info] > git for-each-ref --format=%(refname)%00%(upstream:short)%00%(objectname)%00%(upstream:track)%00%(upstream:remotename)%00%(upstream:remoteref) refs/heads/main refs/remotes/main [2ms]
2025-02-23 19:09:15.521 [info] > git for-each-ref --sort -committerdate --format %(refname) %(objectname) %(*objectname) [3ms]
2025-02-23 19:09:15.537 [info] > git status -z -uall [29ms]
2025-02-23 19:09:16.990 [info] > git show --textconv :main.py [8ms]
2025-02-23 19:09:16.994 [info] > git ls-files --stage -- /home/leozhontai561/main.py [5ms]
2025-02-23 19:09:17.003 [info] > git cat-file -s 0ee1ad4bfad1042c21892e20a4f3008d9fd87f93 [2ms]
2025-02-23 19:09:20.572 [info] > git config --get commit.template [8ms]
2025-02-23 19:09:20.573 [info] > git for-each-ref --format=%(refname)%00%(upstream:short)%00%(objectname)%00%(upstream:track)%00%(upstream:remotename)%00%(upstream:remoteref) refs/heads/main refs/remotes/main [2ms]
2025-02-23 19:09:20.591 [info] > git for-each-ref --sort -committerdate --format %(refname) %(objectname) %(*objectname) [3ms]
2025-02-23 19:09:20.607 [info] > git status -z -uall [27ms]
2025-02-23 19:09:25.643 [info] > git config --get commit.template [8ms]
2025-02-23 19:09:25.645 [info] > git for-each-ref --format=%(refname)%00%(upstream:short)%00%(objectname)%00%(upstream:track)%00%(upstream:remotename)%00%(upstream:remoteref) refs/heads/main refs/remotes/main [1ms]
2025-02-23 19:09:25.663 [info] > git for-each-ref --sort -committerdate --format %(refname) %(objectname) %(*objectname) [3ms]
2025-02-23 19:09:25.679 [info] > git status -z -uall [27ms]
2025-02-23 19:10:08.647 [info] > git config --get commit.template [2ms]
2025-02-23 19:10:08.657 [info] > git for-each-ref --format=%(refname)%00%(upstream:short)%00%(objectname)%00%(upstream:track)%00%(upstream:remotename)%00%(upstream:remoteref) refs/heads/main refs/remotes/main [2ms]
2025-02-23 19:10:08.678 [info] > git for-each-ref --sort -committerdate --format %(refname) %(objectname) %(*objectname) [3ms]
2025-02-23 19:10:08.695 [info] > git status -z -uall [30ms]
2025-02-23 19:10:10.575 [info] > git ls-files --stage -- /home/leozhontai561/Procfile [2ms]
2025-02-23 19:10:10.583 [info] > git show --textconv :Procfile [17ms]
2025-02-23 19:10:10.585 [info] > git cat-file -s 1ba043977def09b463bc26405ba8108eec86caf4 [2ms]
2025-02-23 19:10:32.911 [info] > git config --get commit.template [9ms]
2025-02-23 19:10:32.912 [info] > git for-each-ref --format=%(refname)%00%(upstream:short)%00%(objectname)%00%(upstream:track)%00%(upstream:remotename)%00%(upstream:remoteref) refs/heads/main refs/remotes/main [2ms]
2025-02-23 19:10:32.935 [info] > git for-each-ref --sort -committerdate --format %(refname) %(objectname) %(*objectname) [3ms]
2025-02-23 19:10:32.949 [info] > git status -z -uall [29ms]
2025-02-23 19:11:00.878 [info] > git config --get commit.template [9ms]
2025-02-23 19:11:00.880 [info] > git for-each-ref --format=%(refname)%00%(upstream:short)%00%(objectname)%00%(upstream:track)%00%(upstream:remotename)%00%(upstream:remoteref) refs/heads/main refs/remotes/main [3ms]
2025-02-23 19:11:00.900 [info] > git for-each-ref --sort -committerdate --format %(refname) %(objectname) %(*objectname) [3ms]
2025-02-23 19:11:00.917 [info] > git status -z -uall [29ms]
2025-02-23 19:11:04.170 [info] > git ls-files --stage -- /home/leozhontai561/README-cloudshell.txt [2ms]
2025-02-23 19:11:04.180 [info] > git cat-file -s 9fa5a74e750d98eb725eca4ca09ba01af2f5cd24 [3ms]
2025-02-23 19:11:04.181 [info] > git show --textconv :README-cloudshell.txt [21ms]
2025-02-23 19:11:05.025 [info] > git show --textconv :requirements.txt [13ms]
2025-02-23 19:11:05.026 [info] > git ls-files --stage -- /home/leozhontai561/requirements.txt [5ms]
2025-02-23 19:11:05.038 [info] > git cat-file -s 38d7530785c21e7496268524c2d48757c63fbc59 [2ms]
2025-02-23 19:11:05.971 [info] > git config --get commit.template [9ms]
2025-02-23 19:11:05.973 [info] > git for-each-ref --format=%(refname)%00%(upstream:short)%00%(objectname)%00%(upstream:track)%00%(upstream:remotename)%00%(upstream:remoteref) refs/heads/main refs/remotes/main [2ms]
2025-02-23 19:11:05.992 [info] > git for-each-ref --sort -committerdate --format %(refname) %(objectname) %(*objectname) [3ms]
2025-02-23 19:11:06.017 [info] > git status -z -uall [37ms]
2025-02-23 19:11:23.093 [info] > git config --get commit.template [4ms]
2025-02-23 19:11:23.105 [info] > git for-each-ref --format=%(refname)%00%(upstream:short)%00%(objectname)%00%(upstream:track)%00%(upstream:remotename)%00%(upstream:remoteref) refs/heads/main refs/remotes/main [2ms]
2025-02-23 19:11:23.127 [info] > git for-each-ref --sort -committerdate --format %(refname) %(objectname) %(*objectname) [3ms]
2025-02-23 19:11:23.145 [info] > git status -z -uall [31ms]
2025-02-23 19:11:24.974 [info] > git show --textconv :storage.py [10ms]
2025-02-23 19:11:24.975 [info] > git ls-files --stage -- /home/leozhontai561/storage.py [2ms]
2025-02-23 19:11:24.986 [info] > git cat-file -s f170ff8f770d68d6a7f269b4e3db43826c0425cc [2ms]
2025-02-23 19:11:28.198 [info] > git config --get commit.template [8ms]
2025-02-23 19:11:28.200 [info] > git for-each-ref --format=%(refname)%00%(upstream:short)%00%(objectname)%00%(upstream:track)%00%(upstream:remotename)%00%(upstream:remoteref) refs/heads/main refs/remotes/main [3ms]
2025-02-23 19:11:28.221 [info] > git for-each-ref --sort -committerdate --format %(refname) %(objectname) %(*objectname) [4ms]
2025-02-23 19:11:28.244 [info] > git status -z -uall [35ms]
2025-02-23 19:12:32.182 [info] > git config --get commit.template [9ms]
2025-02-23 19:12:32.185 [info] > git for-each-ref --format=%(refname)%00%(upstream:short)%00%(objectname)%00%(upstream:track)%00%(upstream:remotename)%00%(upstream:remoteref) refs/heads/main refs/remotes/main [3ms]
2025-02-23 19:12:32.205 [info] > git for-each-ref --sort -committerdate --format %(refname) %(objectname) %(*objectname) [2ms]
2025-02-23 19:12:32.223 [info] > git status -z -uall [31ms]
2025-02-23 19:12:33.795 [info] > git show --textconv :gemini.py [11ms]
2025-02-23 19:12:33.796 [info] > git ls-files --stage -- /home/leozhontai561/gemini.py [3ms]
2025-02-23 19:12:37.290 [info] > git config --get commit.template [8ms]
2025-02-23 19:12:37.292 [info] > git for-each-ref --format=%(refname)%00%(upstream:short)%00%(objectname)%00%(upstream:track)%00%(upstream:remotename)%00%(upstream:remoteref) refs/heads/main refs/remotes/main [3ms]
2025-02-23 19:12:37.315 [info] > git for-each-ref --sort -committerdate --format %(refname) %(objectname) %(*objectname) [2ms]
2025-02-23 19:12:37.332 [info] > git status -z -uall [31ms]
2025-02-23 19:12:58.583 [info] > git config --get commit.template [9ms]
2025-02-23 19:12:58.585 [info] > git for-each-ref --format=%(refname)%00%(upstream:short)%00%(objectname)%00%(upstream:track)%00%(upstream:remotename)%00%(upstream:remoteref) refs/heads/main refs/remotes/main [2ms]
2025-02-23 19:12:58.606 [info] > git for-each-ref --sort -committerdate --format %(refname) %(objectname) %(*objectname) [3ms]
2025-02-23 19:12:58.625 [info] > git status -z -uall [33ms]
2025-02-23 19:14:53.766 [info] > git config --get commit.template [9ms]
2025-02-23 19:14:53.767 [info] > git for-each-ref --format=%(refname)%00%(upstream:short)%00%(objectname)%00%(upstream:track)%00%(upstream:remotename)%00%(upstream:remoteref) refs/heads/main refs/remotes/main [2ms]
2025-02-23 19:14:53.787 [info] > git for-each-ref --sort -committerdate --format %(refname) %(objectname) %(*objectname) [3ms]
2025-02-23 19:14:53.804 [info] > git status -z -uall [28ms]
2025-02-23 19:20:16.390 [info] > git config --get commit.template [2ms]
2025-02-23 19:20:16.400 [info] > git for-each-ref --format=%(refname)%00%(upstream:short)%00%(objectname)%00%(upstream:track)%00%(upstream:remotename)%00%(upstream:remoteref) refs/heads/main refs/remotes/main [2ms]
2025-02-23 19:20:16.423 [info] > git for-each-ref --sort -committerdate --format %(refname) %(objectname) %(*objectname) [2ms]
2025-02-23 19:20:16.442 [info] > git status -z -uall [32ms]
2025-02-23 19:20:18.266 [info] > git show --textconv :main.py [9ms]
2025-02-23 19:20:18.268 [info] > git ls-files --stage -- /home/leozhontai561/main.py [3ms]
2025-02-23 19:20:18.278 [info] > git cat-file -s 0ee1ad4bfad1042c21892e20a4f3008d9fd87f93 [3ms]
2025-02-23 19:20:21.500 [info] > git config --get commit.template [13ms]
2025-02-23 19:20:21.500 [info] > git for-each-ref --format=%(refname)%00%(upstream:short)%00%(objectname)%00%(upstream:track)%00%(upstream:remotename)%00%(upstream:remoteref) refs/heads/main refs/remotes/main [4ms]
2025-02-23 19:20:21.523 [info] > git for-each-ref --sort -committerdate --format %(refname) %(objectname) %(*objectname) [3ms]
2025-02-23 19:20:21.543 [info] > git status -z -uall [33ms]
2025-02-23 19:20:44.667 [info] > git config --get commit.template [9ms]
2025-02-23 19:20:44.668 [info] > git for-each-ref --format=%(refname)%00%(upstream:short)%00%(objectname)%00%(upstream:track)%00%(upstream:remotename)%00%(upstream:remoteref) refs/heads/main refs/remotes/main [2ms]
2025-02-23 19:20:44.689 [info] > git for-each-ref --sort -committerdate --format %(refname) %(objectname) %(*objectname) [3ms]
2025-02-23 19:20:44.708 [info] > git status -z -uall [32ms]
2025-02-23 19:21:19.306 [info] > git config --get commit.template [8ms]
2025-02-23 19:21:19.307 [info] > git for-each-ref --format=%(refname)%00%(upstream:short)%00%(objectname)%00%(upstream:track)%00%(upstream:remotename)%00%(upstream:remoteref) refs/heads/main refs/remotes/main [2ms]
2025-02-23 19:21:19.327 [info] > git for-each-ref --sort -committerdate --format %(refname) %(objectname) %(*objectname) [2ms]
2025-02-23 19:21:19.346 [info] > git status -z -uall [30ms]
2025-02-23 19:21:24.398 [info] > git config --get commit.template [8ms]
2025-02-23 19:21:24.399 [info] > git for-each-ref --format=%(refname)%00%(upstream:short)%00%(objectname)%00%(upstream:track)%00%(upstream:remotename)%00%(upstream:remoteref) refs/heads/main refs/remotes/main [2ms]
2025-02-23 19:21:24.418 [info] > git for-each-ref --sort -committerdate --format %(refname) %(objectname) %(*objectname) [3ms]
2025-02-23 19:21:24.433 [info] > git status -z -uall [26ms]
2025-02-23 19:22:57.431 [info] > git config --get commit.template [8ms]
2025-02-23 19:22:57.432 [info] > git for-each-ref --format=%(refname)%00%(upstream:short)%00%(objectname)%00%(upstream:track)%00%(upstream:remotename)%00%(upstream:remoteref) refs/heads/main refs/remotes/main [2ms]
2025-02-23 19:22:57.453 [info] > git for-each-ref --sort -committerdate --format %(refname) %(objectname) %(*objectname) [3ms]
2025-02-23 19:22:57.468 [info] > git status -z -uall [28ms]
2025-02-23 19:23:15.730 [info] > git config --get commit.template [9ms]
2025-02-23 19:23:15.731 [info] > git for-each-ref --format=%(refname)%00%(upstream:short)%00%(objectname)%00%(upstream:track)%00%(upstream:remotename)%00%(upstream:remoteref) refs/heads/main refs/remotes/main [2ms]
2025-02-23 19:23:15.751 [info] > git for-each-ref --sort -committerdate --format %(refname) %(objectname) %(*objectname) [3ms]
2025-02-23 19:23:15.768 [info] > git status -z -uall [29ms]
2025-02-23 19:23:20.817 [info] > git config --get commit.template [9ms]
2025-02-23 19:23:20.818 [info] > git for-each-ref --format=%(refname)%00%(upstream:short)%00%(objectname)%00%(upstream:track)%00%(upstream:remotename)%00%(upstream:remoteref) refs/heads/main refs/remotes/main [3ms]
2025-02-23 19:23:20.838 [info] > git for-each-ref --sort -committerdate --format %(refname) %(objectname) %(*objectname) [2ms]
2025-02-23 19:23:20.856 [info] > git status -z -uall [30ms]
2025-02-23 19:23:25.337 [info] > git show --textconv :gemini.py [8ms]
2025-02-23 19:23:25.338 [info] > git ls-files --stage -- /home/leozhontai561/gemini.py [2ms]
2025-02-23 19:23:25.898 [info] > git config --get commit.template [9ms]
2025-02-23 19:23:25.900 [info] > git for-each-ref --format=%(refname)%00%(upstream:short)%00%(objectname)%00%(upstream:track)%00%(upstream:remotename)%00%(upstream:remoteref) refs/heads/main refs/remotes/main [3ms]
2025-02-23 19:23:25.919 [info] > git for-each-ref --sort -committerdate --format %(refname) %(objectname) %(*objectname) [2ms]
2025-02-23 19:23:25.936 [info] > git status -z -uall [29ms]
2025-02-23 19:23:30.977 [info] > git config --get commit.template [8ms]
2025-02-23 19:23:30.978 [info] > git for-each-ref --format=%(refname)%00%(upstream:short)%00%(objectname)%00%(upstream:track)%00%(upstream:remotename)%00%(upstream:remoteref) refs/heads/main refs/remotes/main [2ms]
2025-02-23 19:23:30.998 [info] > git for-each-ref --sort -committerdate --format %(refname) %(objectname) %(*objectname) [3ms]
2025-02-23 19:23:31.013 [info] > git status -z -uall [27ms]
2025-02-23 19:23:41.015 [info] > git config --get commit.template [9ms]
2025-02-23 19:23:41.016 [info] > git for-each-ref --format=%(refname)%00%(upstream:short)%00%(objectname)%00%(upstream:track)%00%(upstream:remotename)%00%(upstream:remoteref) refs/heads/main refs/remotes/main [2ms]
2025-02-23 19:23:41.033 [info] > git for-each-ref --sort -committerdate --format %(refname) %(objectname) %(*objectname) [2ms]
2025-02-23 19:23:41.049 [info] > git status -z -uall [26ms]
2025-02-23 19:23:46.085 [info] > git config --get commit.template [8ms]
2025-02-23 19:23:46.086 [info] > git for-each-ref --format=%(refname)%00%(upstream:short)%00%(objectname)%00%(upstream:track)%00%(upstream:remotename)%00%(upstream:remoteref) refs/heads/main refs/remotes/main [2ms]
2025-02-23 19:23:46.105 [info] > git for-each-ref --sort -committerdate --format %(refname) %(objectname) %(*objectname) [2ms]
2025-02-23 19:23:46.123 [info] > git status -z -uall [29ms]
2025-02-23 19:23:49.374 [info] > git show --textconv :main.py [7ms]
2025-02-23 19:23:49.376 [info] > git ls-files --stage -- /home/leozhontai561/main.py [2ms]
2025-02-23 19:23:49.385 [info] > git cat-file -s 0ee1ad4bfad1042c21892e20a4f3008d9fd87f93 [2ms]
2025-02-23 19:23:51.161 [info] > git config --get commit.template [7ms]
2025-02-23 19:23:51.162 [info] > git for-each-ref --format=%(refname)%00%(upstream:short)%00%(objectname)%00%(upstream:track)%00%(upstream:remotename)%00%(upstream:remoteref) refs/heads/main refs/remotes/main [2ms]
2025-02-23 19:23:51.179 [info] > git for-each-ref --sort -committerdate --format %(refname) %(objectname) %(*objectname) [2ms]
2025-02-23 19:23:51.196 [info] > git status -z -uall [27ms]
2025-02-23 19:23:53.986 [info] > git show --textconv :storage.py [11ms]
2025-02-23 19:23:53.988 [info] > git ls-files --stage -- /home/leozhontai561/storage.py [5ms]
2025-02-23 19:23:53.998 [info] > git cat-file -s f170ff8f770d68d6a7f269b4e3db43826c0425cc [2ms]
2025-02-23 19:24:44.333 [info] > git config --get commit.template [10ms]
2025-02-23 19:24:44.333 [info] > git for-each-ref --format=%(refname)%00%(upstream:short)%00%(objectname)%00%(upstream:track)%00%(upstream:remotename)%00%(upstream:remoteref) refs/heads/main refs/remotes/main [3ms]
2025-02-23 19:24:44.351 [info] > git for-each-ref --sort -committerdate --format %(refname) %(objectname) %(*objectname) [2ms]
2025-02-23 19:24:44.371 [info] > git status -z -uall [31ms]
2025-02-23 19:24:46.048 [info] > git show --textconv :main.py [9ms]
2025-02-23 19:24:46.050 [info] > git ls-files --stage -- /home/leozhontai561/main.py [2ms]
2025-02-23 19:24:46.059 [info] > git cat-file -s 0ee1ad4bfad1042c21892e20a4f3008d9fd87f93 [2ms]
2025-02-23 19:24:49.419 [info] > git config --get commit.template [8ms]
2025-02-23 19:24:49.421 [info] > git for-each-ref --format=%(refname)%00%(upstream:short)%00%(objectname)%00%(upstream:track)%00%(upstream:remotename)%00%(upstream:remoteref) refs/heads/main refs/remotes/main [2ms]
2025-02-23 19:24:49.439 [info] > git for-each-ref --sort -committerdate --format %(refname) %(objectname) %(*objectname) [3ms]
2025-02-23 19:24:49.456 [info] > git status -z -uall [28ms]
2025-02-23 19:25:49.963 [info] > git config --get commit.template [8ms]
2025-02-23 19:25:49.964 [info] > git for-each-ref --format=%(refname)%00%(upstream:short)%00%(objectname)%00%(upstream:track)%00%(upstream:remotename)%00%(upstream:remoteref) refs/heads/main refs/remotes/main [2ms]
2025-02-23 19:25:49.982 [info] > git for-each-ref --sort -committerdate --format %(refname) %(objectname) %(*objectname) [3ms]
2025-02-23 19:25:50.002 [info] > git status -z -uall [31ms]
2025-02-23 19:25:55.055 [info] > git config --get commit.template [9ms]
2025-02-23 19:25:55.056 [info] > git for-each-ref --format=%(refname)%00%(upstream:short)%00%(objectname)%00%(upstream:track)%00%(upstream:remotename)%00%(upstream:remoteref) refs/heads/main refs/remotes/main [3ms]
2025-02-23 19:25:55.075 [info] > git for-each-ref --sort -committerdate --format %(refname) %(objectname) %(*objectname) [2ms]
2025-02-23 19:25:55.092 [info] > git status -z -uall [28ms]
2025-02-23 19:28:12.297 [info] > git config --get commit.template [10ms]
2025-02-23 19:28:12.297 [info] > git for-each-ref --format=%(refname)%00%(upstream:short)%00%(objectname)%00%(upstream:track)%00%(upstream:remotename)%00%(upstream:remoteref) refs/heads/main refs/remotes/main [2ms]
2025-02-23 19:28:12.316 [info] > git for-each-ref --sort -committerdate --format %(refname) %(objectname) %(*objectname) [2ms]
2025-02-23 19:28:12.334 [info] > git status -z -uall [29ms]
2025-02-23 19:30:28.630 [info] > git config --get commit.template [8ms]
2025-02-23 19:30:28.631 [info] > git for-each-ref --format=%(refname)%00%(upstream:short)%00%(objectname)%00%(upstream:track)%00%(upstream:remotename)%00%(upstream:remoteref) refs/heads/main refs/remotes/main [2ms]
2025-02-23 19:30:28.650 [info] > git for-each-ref --sort -committerdate --format %(refname) %(objectname) %(*objectname) [3ms]
2025-02-23 19:30:28.668 [info] > git status -z -uall [29ms]
2025-02-23 19:32:33.875 [info] > git config --get commit.template [9ms]
2025-02-23 19:32:33.876 [info] > git for-each-ref --format=%(refname)%00%(upstream:short)%00%(objectname)%00%(upstream:track)%00%(upstream:remotename)%00%(upstream:remoteref) refs/heads/main refs/remotes/main [2ms]
2025-02-23 19:32:33.896 [info] > git for-each-ref --sort -committerdate --format %(refname) %(objectname) %(*objectname) [3ms]
2025-02-23 19:32:33.914 [info] > git status -z -uall [29ms]
